Time,state,curr_node,dest_node,remaining_TOF,resources,capacity,buy_prem,sell_prem
0,0,LeoDepot,None,-1,40.0,100,1,1
60,1,LeoDepot,ISS,2759.539685182703,40.0,100,1,1
120,2,None,ISS,2759.539685182703,99.43076424455258,100,1,1
180,2,None,ISS,2699.539685182703,99.43076424455258,100,1,1
240,2,None,ISS,2639.539685182703,99.43076424455258,100,1,1
300,2,None,ISS,2579.539685182703,99.43076424455258,100,1,1
360,2,None,ISS,2519.539685182703,99.43076424455258,100,1,1
420,2,None,ISS,2459.539685182703,99.43076424455258,100,1,1
480,2,None,ISS,2399.539685182703,99.43076424455258,100,1,1
540,2,None,ISS,2339.539685182703,99.43076424455258,100,1,1
600,2,None,ISS,2279.539685182703,99.43076424455258,100,1,1
660,2,None,ISS,2219.539685182703,99.43076424455258,100,1,1
720,2,None,ISS,2159.539685182703,99.43076424455258,100,1,1
780,2,None,ISS,2099.539685182703,99.43076424455258,100,1,1
840,2,None,ISS,2039.5396851827031,99.43076424455258,100,1,1
900,2,None,ISS,1979.5396851827031,99.43076424455258,100,1,1
960,2,None,ISS,1919.5396851827031,99.43076424455258,100,1,1
1020,2,None,ISS,1859.5396851827031,99.43076424455258,100,1,1
1080,2,None,ISS,1799.5396851827031,99.43076424455258,100,1,1
1140,2,None,ISS,1739.5396851827031,99.43076424455258,100,1,1
1200,2,None,ISS,1679.5396851827031,99.43076424455258,100,1,1
1260,2,None,ISS,1619.5396851827031,99.43076424455258,100,1,1
1320,2,None,ISS,1559.5396851827031,99.43076424455258,100,1,1
1380,2,None,ISS,1499.5396851827031,99.43076424455258,100,1,1
1440,2,None,ISS,1439.5396851827031,99.43076424455258,100,1,1
1500,2,None,ISS,1379.5396851827031,99.43076424455258,100,1,1
1560,2,None,ISS,1319.5396851827031,99.43076424455258,100,1,1
1620,2,None,ISS,1259.5396851827031,99.43076424455258,100,1,1
1680,2,None,ISS,1199.5396851827031,99.43076424455258,100,1,1
1740,2,None,ISS,1139.5396851827031,99.43076424455258,100,1,1
1800,2,None,ISS,1079.5396851827031,99.43076424455258,100,1,1
1860,2,None,ISS,1019.5396851827031,99.43076424455258,100,1,1
1920,2,None,ISS,959.5396851827031,99.43076424455258,100,1,1
1980,2,None,ISS,899.5396851827031,99.43076424455258,100,1,1
2040,2,None,ISS,839.5396851827031,99.43076424455258,100,1,1
2100,2,None,ISS,779.5396851827031,99.43076424455258,100,1,1
2160,2,None,ISS,719.5396851827031,99.43076424455258,100,1,1
2220,2,None,ISS,659.5396851827031,99.43076424455258,100,1,1
2280,2,None,ISS,599.5396851827031,99.43076424455258,100,1,1
2340,2,None,ISS,539.5396851827031,99.43076424455258,100,1,1
2400,2,None,ISS,479.5396851827031,99.43076424455258,100,1,1
2460,2,None,ISS,419.5396851827031,99.43076424455258,100,1,1
2520,2,None,ISS,359.5396851827031,99.43076424455258,100,1,1
2580,2,None,ISS,299.5396851827031,99.43076424455258,100,1,1
2640,2,None,ISS,239.53968518270312,99.43076424455258,100,1,1
2700,2,None,ISS,179.53968518270312,99.43076424455258,100,1,1
2760,2,None,ISS,119.53968518270312,99.43076424455258,100,1,1
2820,2,None,ISS,59.539685182703124,99.43076424455258,100,1,1
2880,2,None,ISS,-0.46031481729687584,99.43076424455258,100,1,1
2940,4,ISS,None,-0.46031481729687584,38.40993091121878,100,1,1
3000,4,ISS,None,-0.46031481729687584,38.40993091121878,100,1,1
3060,4,ISS,None,-0.46031481729687584,38.40993091121878,100,1,1
3120,4,ISS,None,-0.46031481729687584,38.40993091121878,100,1,1
3180,4,ISS,None,-0.46031481729687584,38.40993091121878,100,1,1
3240,4,ISS,None,-0.46031481729687584,38.40993091121878,100,1,1
3300,4,ISS,None,-0.46031481729687584,38.40993091121878,100,1,1
3360,4,ISS,None,-0.46031481729687584,38.40993091121878,100,1,1
3420,4,ISS,None,-0.46031481729687584,38.40993091121878,100,1,1
3480,4,ISS,None,-0.46031481729687584,38.40993091121878,100,1,1
3540,4,ISS,None,-0.46031481729687584,38.40993091121878,100,1,1
3600,4,ISS,None,-0.46031481729687584,38.40993091121878,100,1,1
3660,4,ISS,None,-0.46031481729687584,38.40993091121878,100,1,1
3720,4,ISS,None,-0.46031481729687584,38.40993091121878,100,1,1
3780,4,ISS,None,-0.46031481729687584,38.40993091121878,100,1,1
3840,4,ISS,None,-0.46031481729687584,38.40993091121878,100,1,1
3900,4,ISS,None,-0.46031481729687584,38.40993091121878,100,1,1
3960,4,ISS,None,-0.46031481729687584,38.40993091121878,100,1,1
4020,4,ISS,None,-0.46031481729687584,38.40993091121878,100,1,1
4080,4,ISS,None,-0.46031481729687584,38.40993091121878,100,1,1
4140,4,ISS,None,-0.46031481729687584,38.40993091121878,100,1,1
4200,4,ISS,None,-0.46031481729687584,38.40993091121878,100,1,1
4260,4,ISS,None,-0.46031481729687584,38.40993091121878,100,1,1
4320,4,ISS,None,-0.46031481729687584,38.40993091121878,100,1,1
4380,4,ISS,None,-0.46031481729687584,38.40993091121878,100,1,1
4440,4,ISS,None,-0.46031481729687584,38.40993091121878,100,1,1
4500,4,ISS,None,-0.46031481729687584,38.40993091121878,100,1,1
4560,4,ISS,None,-0.46031481729687584,38.40993091121878,100,1,1
4620,4,ISS,None,-0.46031481729687584,38.40993091121878,100,1,1
4680,4,ISS,None,-0.46031481729687584,38.40993091121878,100,1,1
4740,4,ISS,None,-0.46031481729687584,38.40993091121878,100,1,1
4800,4,ISS,None,-0.46031481729687584,38.40993091121878,100,1,1
4860,4,ISS,None,-0.46031481729687584,38.40993091121878,100,1,1
4920,4,ISS,None,-0.46031481729687584,38.40993091121878,100,1,1
4980,4,ISS,None,-0.46031481729687584,38.40993091121878,100,1,1
5040,4,ISS,None,-0.46031481729687584,38.40993091121878,100,1,1
5100,4,ISS,None,-0.46031481729687584,38.40993091121878,100,1,1
5160,4,ISS,None,-0.46031481729687584,38.40993091121878,100,1,1
5220,4,ISS,None,-0.46031481729687584,38.40993091121878,100,1,1
5280,4,ISS,None,-0.46031481729687584,38.40993091121878,100,1,1
5340,4,ISS,None,-0.46031481729687584,38.40993091121878,100,1,1
5400,4,ISS,None,-0.46031481729687584,38.40993091121878,100,1,1
5460,4,ISS,None,-0.46031481729687584,38.40993091121878,100,1,1
5520,4,ISS,None,-0.46031481729687584,38.40993091121878,100,1,1
5580,4,ISS,None,-0.46031481729687584,38.40993091121878,100,1,1
5640,4,ISS,None,-0.46031481729687584,38.40993091121878,100,1,1
5700,4,ISS,None,-0.46031481729687584,38.40993091121878,100,1,1
5760,4,ISS,None,-0.46031481729687584,38.40993091121878,100,1,1
5820,4,ISS,None,-0.46031481729687584,38.40993091121878,100,1,1
5880,4,ISS,None,-0.46031481729687584,38.40993091121878,100,1,1
5940,4,ISS,None,-0.46031481729687584,38.40993091121878,100,1,1
6000,4,ISS,None,-0.46031481729687584,38.40993091121878,100,1,1
6060,4,ISS,None,-0.46031481729687584,38.40993091121878,100,1,1
6120,4,ISS,None,-0.46031481729687584,38.40993091121878,100,1,1
6180,4,ISS,None,-0.46031481729687584,38.40993091121878,100,1,1
6240,4,ISS,None,-0.46031481729687584,38.40993091121878,100,1,1
6300,4,ISS,None,-0.46031481729687584,38.40993091121878,100,1,1
6360,4,ISS,None,-0.46031481729687584,38.40993091121878,100,1,1
6420,4,ISS,None,-0.46031481729687584,38.40993091121878,100,1,1
6480,4,ISS,None,-0.46031481729687584,38.40993091121878,100,1,1
6540,4,ISS,None,-0.46031481729687584,38.40993091121878,100,1,1
6600,4,ISS,None,-0.46031481729687584,38.40993091121878,100,1,1
6660,4,ISS,None,-0.46031481729687584,38.40993091121878,100,1,1
6720,4,ISS,None,-0.46031481729687584,38.40993091121878,100,1,1
6780,4,ISS,None,-0.46031481729687584,38.40993091121878,100,1,1
6840,4,ISS,None,-0.46031481729687584,38.40993091121878,100,1,1
6900,4,ISS,None,-0.46031481729687584,38.40993091121878,100,1,1
6960,4,ISS,None,-0.46031481729687584,38.40993091121878,100,1,1
7020,4,ISS,None,-0.46031481729687584,38.40993091121878,100,1,1
7080,4,ISS,None,-0.46031481729687584,38.40993091121878,100,1,1
7140,4,ISS,None,-0.46031481729687584,38.40993091121878,100,1,1
7200,4,ISS,None,-0.46031481729687584,38.40993091121878,100,1,1
7260,4,ISS,None,-0.46031481729687584,38.40993091121878,100,1,1
7320,4,ISS,None,-0.46031481729687584,38.40993091121878,100,1,1
7380,4,ISS,None,-0.46031481729687584,38.40993091121878,100,1,1
7440,4,ISS,None,-0.46031481729687584,38.40993091121878,100,1,1
7500,4,ISS,None,-0.46031481729687584,38.40993091121878,100,1,1
7560,4,ISS,None,-0.46031481729687584,38.40993091121878,100,1,1
7620,4,ISS,None,-0.46031481729687584,38.40993091121878,100,1,1
7680,4,ISS,None,-0.46031481729687584,38.40993091121878,100,1,1
7740,4,ISS,None,-0.46031481729687584,38.40993091121878,100,1,1
7800,4,ISS,None,-0.46031481729687584,38.40993091121878,100,1,1
7860,4,ISS,None,-0.46031481729687584,38.40993091121878,100,1,1
7920,4,ISS,None,-0.46031481729687584,38.40993091121878,100,1,1
7980,4,ISS,None,-0.46031481729687584,38.40993091121878,100,1,1
8040,4,ISS,None,-0.46031481729687584,38.40993091121878,100,1,1
8100,4,ISS,None,-0.46031481729687584,38.40993091121878,100,1,1
8160,4,ISS,None,-0.46031481729687584,38.40993091121878,100,1,1
8220,4,ISS,None,-0.46031481729687584,38.40993091121878,100,1,1
8280,4,ISS,None,-0.46031481729687584,38.40993091121878,100,1,1
8340,4,ISS,None,-0.46031481729687584,38.40993091121878,100,1,1
8400,4,ISS,None,-0.46031481729687584,38.40993091121878,100,1,1
8460,4,ISS,None,-0.46031481729687584,38.40993091121878,100,1,1
8520,4,ISS,None,-0.46031481729687584,38.40993091121878,100,1,1
8580,4,ISS,None,-0.46031481729687584,38.40993091121878,100,1,1
8640,4,ISS,None,-0.46031481729687584,38.40993091121878,100,1,1
8700,4,ISS,None,-0.46031481729687584,38.40993091121878,100,1,1
8760,4,ISS,None,-0.46031481729687584,38.40993091121878,100,1,1
8820,4,ISS,None,-0.46031481729687584,38.40993091121878,100,1,1
8880,4,ISS,None,-0.46031481729687584,38.40993091121878,100,1,1
8940,4,ISS,None,-0.46031481729687584,38.40993091121878,100,1,1
9000,4,ISS,None,-0.46031481729687584,38.40993091121878,100,1,1
9060,4,ISS,None,-0.46031481729687584,38.40993091121878,100,1,1
9120,4,ISS,None,-0.46031481729687584,38.40993091121878,100,1,1
9180,4,ISS,None,-0.46031481729687584,38.40993091121878,100,1,1
9240,4,ISS,None,-0.46031481729687584,38.40993091121878,100,1,1
9300,4,ISS,None,-0.46031481729687584,38.40993091121878,100,1,1
9360,4,ISS,None,-0.46031481729687584,38.40993091121878,100,1,1
9420,4,ISS,None,-0.46031481729687584,38.40993091121878,100,1,1
9480,4,ISS,None,-0.46031481729687584,38.40993091121878,100,1,1
9540,4,ISS,None,-0.46031481729687584,38.40993091121878,100,1,1
9600,4,ISS,None,-0.46031481729687584,38.40993091121878,100,1,1
9660,4,ISS,None,-0.46031481729687584,38.40993091121878,100,1,1
9720,4,ISS,None,-0.46031481729687584,38.40993091121878,100,1,1
9780,4,ISS,None,-0.46031481729687584,38.40993091121878,100,1,1
9840,4,ISS,None,-0.46031481729687584,38.40993091121878,100,1,1
9900,4,ISS,None,-0.46031481729687584,38.40993091121878,100,1,1
9960,4,ISS,None,-0.46031481729687584,38.40993091121878,100,1,1
10020,4,ISS,None,-0.46031481729687584,38.40993091121878,100,1,1
10080,4,ISS,None,-0.46031481729687584,38.40993091121878,100,1,1
10140,4,ISS,None,-0.46031481729687584,38.40993091121878,100,1,1
10200,4,ISS,None,-0.46031481729687584,38.40993091121878,100,1,1
10260,4,ISS,None,-0.46031481729687584,38.40993091121878,100,1,1
10320,4,ISS,None,-0.46031481729687584,38.40993091121878,100,1,1
10380,4,ISS,None,-0.46031481729687584,38.40993091121878,100,1,1
10440,4,ISS,None,-0.46031481729687584,38.40993091121878,100,1,1
10500,4,ISS,None,-0.46031481729687584,38.40993091121878,100,1,1
10560,4,ISS,None,-0.46031481729687584,38.40993091121878,100,1,1
10620,4,ISS,None,-0.46031481729687584,38.40993091121878,100,1,1
10680,4,ISS,None,-0.46031481729687584,38.40993091121878,100,1,1
10740,4,ISS,None,-0.46031481729687584,38.40993091121878,100,1,1
10800,4,ISS,None,-0.46031481729687584,38.40993091121878,100,1,1
10860,4,ISS,None,-0.46031481729687584,38.40993091121878,100,1,1
10920,4,ISS,None,-0.46031481729687584,38.40993091121878,100,1,1
10980,4,ISS,None,-0.46031481729687584,38.40993091121878,100,1,1
11040,4,ISS,None,-0.46031481729687584,38.40993091121878,100,1,1
11100,4,ISS,None,-0.46031481729687584,38.40993091121878,100,1,1
11160,4,ISS,None,-0.46031481729687584,38.40993091121878,100,1,1
11220,4,ISS,None,-0.46031481729687584,38.40993091121878,100,1,1
11280,4,ISS,None,-0.46031481729687584,38.40993091121878,100,1,1
11340,4,ISS,None,-0.46031481729687584,38.40993091121878,100,1,1
11400,4,ISS,None,-0.46031481729687584,38.40993091121878,100,1,1
11460,4,ISS,None,-0.46031481729687584,38.40993091121878,100,1,1
11520,4,ISS,None,-0.46031481729687584,38.40993091121878,100,1,1
11580,4,ISS,None,-0.46031481729687584,38.40993091121878,100,1,1
11640,4,ISS,None,-0.46031481729687584,38.40993091121878,100,1,1
11700,4,ISS,None,-0.46031481729687584,38.40993091121878,100,1,1
11760,4,ISS,None,-0.46031481729687584,38.40993091121878,100,1,1
11820,4,ISS,None,-0.46031481729687584,38.40993091121878,100,1,1
11880,4,ISS,None,-0.46031481729687584,38.40993091121878,100,1,1
11940,4,ISS,None,-0.46031481729687584,38.40993091121878,100,1,1
12000,4,ISS,None,-0.46031481729687584,38.40993091121878,100,1,1
12060,4,ISS,None,-0.46031481729687584,38.40993091121878,100,1,1
12120,4,ISS,None,-0.46031481729687584,38.40993091121878,100,1,1
12180,4,ISS,None,-0.46031481729687584,38.40993091121878,100,1,1
12240,4,ISS,None,-0.46031481729687584,38.40993091121878,100,1,1
12300,4,ISS,None,-0.46031481729687584,38.40993091121878,100,1,1
12360,4,ISS,None,-0.46031481729687584,38.40993091121878,100,1,1
12420,4,ISS,None,-0.46031481729687584,38.40993091121878,100,1,1
12480,4,ISS,None,-0.46031481729687584,38.40993091121878,100,1,1
12540,4,ISS,None,-0.46031481729687584,38.40993091121878,100,1,1
12600,4,ISS,None,-0.46031481729687584,38.40993091121878,100,1,1
12660,4,ISS,None,-0.46031481729687584,38.40993091121878,100,1,1
12720,4,ISS,None,-0.46031481729687584,38.40993091121878,100,1,1
12780,4,ISS,None,-0.46031481729687584,38.40993091121878,100,1,1
12840,4,ISS,None,-0.46031481729687584,38.40993091121878,100,1,1
12900,4,ISS,None,-0.46031481729687584,38.40993091121878,100,1,1
12960,4,ISS,None,-0.46031481729687584,38.40993091121878,100,1,1
13020,4,ISS,None,-0.46031481729687584,38.40993091121878,100,1,1
13080,4,ISS,None,-0.46031481729687584,38.40993091121878,100,1,1
13140,4,ISS,None,-0.46031481729687584,38.40993091121878,100,1,1
13200,4,ISS,None,-0.46031481729687584,38.40993091121878,100,1,1
13260,4,ISS,None,-0.46031481729687584,38.40993091121878,100,1,1
13320,4,ISS,None,-0.46031481729687584,38.40993091121878,100,1,1
13380,4,ISS,None,-0.46031481729687584,38.40993091121878,100,1,1
13440,4,ISS,None,-0.46031481729687584,38.40993091121878,100,1,1
13500,4,ISS,None,-0.46031481729687584,38.40993091121878,100,1,1
13560,4,ISS,None,-0.46031481729687584,38.40993091121878,100,1,1
13620,4,ISS,None,-0.46031481729687584,38.40993091121878,100,1,1
13680,4,ISS,None,-0.46031481729687584,38.40993091121878,100,1,1
13740,4,ISS,None,-0.46031481729687584,38.40993091121878,100,1,1
13800,4,ISS,None,-0.46031481729687584,38.40993091121878,100,1,1
13860,4,ISS,None,-0.46031481729687584,38.40993091121878,100,1,1
13920,4,ISS,None,-0.46031481729687584,38.40993091121878,100,1,1
13980,4,ISS,None,-0.46031481729687584,38.40993091121878,100,1,1
14040,4,ISS,None,-0.46031481729687584,38.40993091121878,100,1,1
14100,4,ISS,None,-0.46031481729687584,38.40993091121878,100,1,1
14160,4,ISS,None,-0.46031481729687584,38.40993091121878,100,1,1
14220,4,ISS,None,-0.46031481729687584,38.40993091121878,100,1,1
14280,4,ISS,None,-0.46031481729687584,38.40993091121878,100,1,1
14340,4,ISS,None,-0.46031481729687584,38.40993091121878,100,1,1
14400,4,ISS,None,-0.46031481729687584,38.40993091121878,100,1,1
14460,4,ISS,None,-0.46031481729687584,38.40993091121878,100,1,1
14520,4,ISS,None,-0.46031481729687584,38.40993091121878,100,1,1
14580,4,ISS,None,-0.46031481729687584,38.40993091121878,100,1,1
14640,4,ISS,None,-0.46031481729687584,38.40993091121878,100,1,1
14700,4,ISS,None,-0.46031481729687584,38.40993091121878,100,1,1
14760,4,ISS,None,-0.46031481729687584,38.40993091121878,100,1,1
14820,4,ISS,None,-0.46031481729687584,38.40993091121878,100,1,1
14880,4,ISS,None,-0.46031481729687584,38.40993091121878,100,1,1
14940,4,ISS,None,-0.46031481729687584,38.40993091121878,100,1,1
15000,4,ISS,None,-0.46031481729687584,38.40993091121878,100,1,1
15060,4,ISS,None,-0.46031481729687584,38.40993091121878,100,1,1
15120,4,ISS,None,-0.46031481729687584,38.40993091121878,100,1,1
15180,4,ISS,None,-0.46031481729687584,38.40993091121878,100,1,1
15240,4,ISS,None,-0.46031481729687584,38.40993091121878,100,1,1
15300,4,ISS,None,-0.46031481729687584,38.40993091121878,100,1,1
15360,4,ISS,None,-0.46031481729687584,38.40993091121878,100,1,1
15420,4,ISS,None,-0.46031481729687584,38.40993091121878,100,1,1
15480,4,ISS,None,-0.46031481729687584,38.40993091121878,100,1,1
15540,4,ISS,None,-0.46031481729687584,38.40993091121878,100,1,1
15600,4,ISS,None,-0.46031481729687584,38.40993091121878,100,1,1
15660,4,ISS,None,-0.46031481729687584,38.40993091121878,100,1,1
15720,4,ISS,None,-0.46031481729687584,38.40993091121878,100,1,1
15780,4,ISS,None,-0.46031481729687584,38.40993091121878,100,1,1
15840,4,ISS,None,-0.46031481729687584,38.40993091121878,100,1,1
15900,4,ISS,None,-0.46031481729687584,38.40993091121878,100,1,1
15960,4,ISS,None,-0.46031481729687584,38.40993091121878,100,1,1
16020,4,ISS,None,-0.46031481729687584,38.40993091121878,100,1,1
16080,4,ISS,None,-0.46031481729687584,38.40993091121878,100,1,1
16140,4,ISS,None,-0.46031481729687584,38.40993091121878,100,1,1
16200,4,ISS,None,-0.46031481729687584,38.40993091121878,100,1,1
16260,4,ISS,None,-0.46031481729687584,38.40993091121878,100,1,1
16320,4,ISS,None,-0.46031481729687584,38.40993091121878,100,1,1
16380,4,ISS,None,-0.46031481729687584,38.40993091121878,100,1,1
16440,4,ISS,None,-0.46031481729687584,38.40993091121878,100,1,1
16500,4,ISS,None,-0.46031481729687584,38.40993091121878,100,1,1
16560,4,ISS,None,-0.46031481729687584,38.40993091121878,100,1,1
16620,4,ISS,None,-0.46031481729687584,38.40993091121878,100,1,1
16680,4,ISS,None,-0.46031481729687584,38.40993091121878,100,1,1
16740,4,ISS,None,-0.46031481729687584,38.40993091121878,100,1,1
16800,4,ISS,None,-0.46031481729687584,38.40993091121878,100,1,1
16860,4,ISS,None,-0.46031481729687584,38.40993091121878,100,1,1
16920,4,ISS,None,-0.46031481729687584,38.40993091121878,100,1,1
16980,4,ISS,None,-0.46031481729687584,38.40993091121878,100,1,1
17040,4,ISS,None,-0.46031481729687584,38.40993091121878,100,1,1
17100,4,ISS,None,-0.46031481729687584,38.40993091121878,100,1,1
17160,4,ISS,None,-0.46031481729687584,38.40993091121878,100,1,1
17220,4,ISS,None,-0.46031481729687584,38.40993091121878,100,1,1
17280,4,ISS,None,-0.46031481729687584,38.40993091121878,100,1,1
17340,4,ISS,None,-0.46031481729687584,38.40993091121878,100,1,1
17400,4,ISS,None,-0.46031481729687584,38.40993091121878,100,1,1
17460,4,ISS,None,-0.46031481729687584,38.40993091121878,100,1,1
17520,4,ISS,None,-0.46031481729687584,38.40993091121878,100,1,1
17580,4,ISS,None,-0.46031481729687584,38.40993091121878,100,1,1
17640,4,ISS,None,-0.46031481729687584,38.40993091121878,100,1,1
17700,4,ISS,None,-0.46031481729687584,38.40993091121878,100,1,1
17760,4,ISS,None,-0.46031481729687584,38.40993091121878,100,1,1
17820,4,ISS,None,-0.46031481729687584,38.40993091121878,100,1,1
17880,4,ISS,None,-0.46031481729687584,38.40993091121878,100,1,1
17940,4,ISS,None,-0.46031481729687584,38.40993091121878,100,1,1
18000,4,ISS,None,-0.46031481729687584,38.40993091121878,100,1,1
18060,4,ISS,None,-0.46031481729687584,38.40993091121878,100,1,1
18120,4,ISS,None,-0.46031481729687584,38.40993091121878,100,1,1
18180,4,ISS,None,-0.46031481729687584,38.40993091121878,100,1,1
18240,4,ISS,None,-0.46031481729687584,38.40993091121878,100,1,1
18300,4,ISS,None,-0.46031481729687584,38.40993091121878,100,1,1
18360,4,ISS,None,-0.46031481729687584,38.40993091121878,100,1,1
18420,4,ISS,None,-0.46031481729687584,38.40993091121878,100,1,1
18480,4,ISS,None,-0.46031481729687584,38.40993091121878,100,1,1
18540,4,ISS,None,-0.46031481729687584,38.40993091121878,100,1,1
18600,4,ISS,None,-0.46031481729687584,38.40993091121878,100,1,1
18660,4,ISS,None,-0.46031481729687584,38.40993091121878,100,1,1
18720,4,ISS,None,-0.46031481729687584,38.40993091121878,100,1,1
18780,4,ISS,None,-0.46031481729687584,38.40993091121878,100,1,1
18840,4,ISS,None,-0.46031481729687584,38.40993091121878,100,1,1
18900,4,ISS,None,-0.46031481729687584,38.40993091121878,100,1,1
18960,4,ISS,None,-0.46031481729687584,38.40993091121878,100,1,1
19020,4,ISS,None,-0.46031481729687584,38.40993091121878,100,1,1
19080,4,ISS,None,-0.46031481729687584,38.40993091121878,100,1,1
19140,4,ISS,None,-0.46031481729687584,38.40993091121878,100,1,1
19200,4,ISS,None,-0.46031481729687584,38.40993091121878,100,1,1
19260,4,ISS,None,-0.46031481729687584,38.40993091121878,100,1,1
19320,4,ISS,None,-0.46031481729687584,38.40993091121878,100,1,1
19380,4,ISS,None,-0.46031481729687584,38.40993091121878,100,1,1
19440,4,ISS,None,-0.46031481729687584,38.40993091121878,100,1,1
19500,4,ISS,None,-0.46031481729687584,38.40993091121878,100,1,1
19560,4,ISS,None,-0.46031481729687584,38.40993091121878,100,1,1
19620,4,ISS,None,-0.46031481729687584,38.40993091121878,100,1,1
19680,4,ISS,None,-0.46031481729687584,38.40993091121878,100,1,1
19740,4,ISS,None,-0.46031481729687584,38.40993091121878,100,1,1
19800,4,ISS,None,-0.46031481729687584,38.40993091121878,100,1,1
19860,4,ISS,None,-0.46031481729687584,38.40993091121878,100,1,1
19920,4,ISS,None,-0.46031481729687584,38.40993091121878,100,1,1
19980,4,ISS,None,-0.46031481729687584,38.40993091121878,100,1,1
20040,4,ISS,None,-0.46031481729687584,38.40993091121878,100,1,1
20100,4,ISS,None,-0.46031481729687584,38.40993091121878,100,1,1
20160,4,ISS,None,-0.46031481729687584,38.40993091121878,100,1,1
20220,4,ISS,None,-0.46031481729687584,38.40993091121878,100,1,1
20280,4,ISS,None,-0.46031481729687584,38.40993091121878,100,1,1
20340,4,ISS,None,-0.46031481729687584,38.40993091121878,100,1,1
20400,4,ISS,None,-0.46031481729687584,38.40993091121878,100,1,1
20460,4,ISS,None,-0.46031481729687584,38.40993091121878,100,1,1
20520,4,ISS,None,-0.46031481729687584,38.40993091121878,100,1,1
20580,4,ISS,None,-0.46031481729687584,38.40993091121878,100,1,1
20640,4,ISS,None,-0.46031481729687584,38.40993091121878,100,1,1
20700,4,ISS,None,-0.46031481729687584,38.40993091121878,100,1,1
20760,4,ISS,None,-0.46031481729687584,38.40993091121878,100,1,1
20820,4,ISS,None,-0.46031481729687584,38.40993091121878,100,1,1
20880,4,ISS,None,-0.46031481729687584,38.40993091121878,100,1,1
20940,4,ISS,None,-0.46031481729687584,38.40993091121878,100,1,1
21000,4,ISS,None,-0.46031481729687584,38.40993091121878,100,1,1
21060,4,ISS,None,-0.46031481729687584,38.40993091121878,100,1,1
21120,4,ISS,None,-0.46031481729687584,38.40993091121878,100,1,1
21180,4,ISS,None,-0.46031481729687584,38.40993091121878,100,1,1
21240,4,ISS,None,-0.46031481729687584,38.40993091121878,100,1,1
21300,4,ISS,None,-0.46031481729687584,38.40993091121878,100,1,1
21360,4,ISS,None,-0.46031481729687584,38.40993091121878,100,1,1
21420,4,ISS,None,-0.46031481729687584,38.40993091121878,100,1,1
21480,4,ISS,None,-0.46031481729687584,38.40993091121878,100,1,1
21540,4,ISS,None,-0.46031481729687584,38.40993091121878,100,1,1
21600,4,ISS,None,-0.46031481729687584,38.40993091121878,100,1,1
21660,4,ISS,None,-0.46031481729687584,38.40993091121878,100,1,1
21720,4,ISS,None,-0.46031481729687584,38.40993091121878,100,1,1
21780,4,ISS,None,-0.46031481729687584,38.40993091121878,100,1,1
21840,4,ISS,None,-0.46031481729687584,38.40993091121878,100,1,1
21900,4,ISS,None,-0.46031481729687584,38.40993091121878,100,1,1
21960,4,ISS,None,-0.46031481729687584,38.40993091121878,100,1,1
22020,4,ISS,None,-0.46031481729687584,38.40993091121878,100,1,1
22080,4,ISS,None,-0.46031481729687584,38.40993091121878,100,1,1
22140,4,ISS,None,-0.46031481729687584,38.40993091121878,100,1,1
22200,4,ISS,None,-0.46031481729687584,38.40993091121878,100,1,1
22260,4,ISS,None,-0.46031481729687584,38.40993091121878,100,1,1
22320,4,ISS,None,-0.46031481729687584,38.40993091121878,100,1,1
22380,4,ISS,None,-0.46031481729687584,38.40993091121878,100,1,1
22440,4,ISS,None,-0.46031481729687584,38.40993091121878,100,1,1
22500,4,ISS,None,-0.46031481729687584,38.40993091121878,100,1,1
22560,4,ISS,None,-0.46031481729687584,38.40993091121878,100,1,1
22620,4,ISS,None,-0.46031481729687584,38.40993091121878,100,1,1
22680,4,ISS,None,-0.46031481729687584,38.40993091121878,100,1,1
22740,4,ISS,None,-0.46031481729687584,38.40993091121878,100,1,1
22800,4,ISS,None,-0.46031481729687584,38.40993091121878,100,1,1
22860,4,ISS,None,-0.46031481729687584,38.40993091121878,100,1,1
22920,4,ISS,None,-0.46031481729687584,38.40993091121878,100,1,1
22980,4,ISS,None,-0.46031481729687584,38.40993091121878,100,1,1
23040,4,ISS,None,-0.46031481729687584,38.40993091121878,100,1,1
23100,4,ISS,None,-0.46031481729687584,38.40993091121878,100,1,1
23160,4,ISS,None,-0.46031481729687584,38.40993091121878,100,1,1
23220,4,ISS,None,-0.46031481729687584,38.40993091121878,100,1,1
23280,4,ISS,None,-0.46031481729687584,38.40993091121878,100,1,1
23340,4,ISS,None,-0.46031481729687584,38.40993091121878,100,1,1
23400,4,ISS,None,-0.46031481729687584,38.40993091121878,100,1,1
23460,4,ISS,None,-0.46031481729687584,38.40993091121878,100,1,1
23520,4,ISS,None,-0.46031481729687584,38.40993091121878,100,1,1
23580,4,ISS,None,-0.46031481729687584,38.40993091121878,100,1,1
23640,4,ISS,None,-0.46031481729687584,38.40993091121878,100,1,1
23700,4,ISS,None,-0.46031481729687584,38.40993091121878,100,1,1
23760,4,ISS,None,-0.46031481729687584,38.40993091121878,100,1,1
23820,4,ISS,None,-0.46031481729687584,38.40993091121878,100,1,1
23880,4,ISS,None,-0.46031481729687584,38.40993091121878,100,1,1
23940,4,ISS,None,-0.46031481729687584,38.40993091121878,100,1,1
24000,4,ISS,None,-0.46031481729687584,38.40993091121878,100,1,1
24060,4,ISS,None,-0.46031481729687584,38.40993091121878,100,1,1
24120,4,ISS,None,-0.46031481729687584,38.40993091121878,100,1,1
24180,4,ISS,None,-0.46031481729687584,38.40993091121878,100,1,1
24240,4,ISS,None,-0.46031481729687584,38.40993091121878,100,1,1
24300,4,ISS,None,-0.46031481729687584,38.40993091121878,100,1,1
24360,4,ISS,None,-0.46031481729687584,38.40993091121878,100,1,1
24420,4,ISS,None,-0.46031481729687584,38.40993091121878,100,1,1
24480,4,ISS,None,-0.46031481729687584,38.40993091121878,100,1,1
24540,4,ISS,None,-0.46031481729687584,38.40993091121878,100,1,1
24600,4,ISS,None,-0.46031481729687584,38.40993091121878,100,1,1
24660,4,ISS,None,-0.46031481729687584,38.40993091121878,100,1,1
24720,4,ISS,None,-0.46031481729687584,38.40993091121878,100,1,1
24780,4,ISS,None,-0.46031481729687584,38.40993091121878,100,1,1
24840,4,ISS,None,-0.46031481729687584,38.40993091121878,100,1,1
24900,4,ISS,None,-0.46031481729687584,38.40993091121878,100,1,1
24960,4,ISS,None,-0.46031481729687584,38.40993091121878,100,1,1
25020,4,ISS,None,-0.46031481729687584,38.40993091121878,100,1,1
25080,4,ISS,None,-0.46031481729687584,38.40993091121878,100,1,1
25140,4,ISS,None,-0.46031481729687584,38.40993091121878,100,1,1
25200,4,ISS,None,-0.46031481729687584,38.40993091121878,100,1,1
25260,4,ISS,None,-0.46031481729687584,38.40993091121878,100,1,1
25320,4,ISS,None,-0.46031481729687584,38.40993091121878,100,1,1
25380,4,ISS,None,-0.46031481729687584,38.40993091121878,100,1,1
25440,4,ISS,None,-0.46031481729687584,38.40993091121878,100,1,1
25500,4,ISS,None,-0.46031481729687584,38.40993091121878,100,1,1
25560,4,ISS,None,-0.46031481729687584,38.40993091121878,100,1,1
25620,4,ISS,None,-0.46031481729687584,38.40993091121878,100,1,1
25680,4,ISS,None,-0.46031481729687584,38.40993091121878,100,1,1
25740,4,ISS,None,-0.46031481729687584,38.40993091121878,100,1,1
25800,4,ISS,None,-0.46031481729687584,38.40993091121878,100,1,1
25860,4,ISS,None,-0.46031481729687584,38.40993091121878,100,1,1
25920,4,ISS,None,-0.46031481729687584,38.40993091121878,100,1,1
25980,4,ISS,None,-0.46031481729687584,38.40993091121878,100,1,1
26040,4,ISS,None,-0.46031481729687584,38.40993091121878,100,1,1
26100,4,ISS,None,-0.46031481729687584,38.40993091121878,100,1,1
26160,4,ISS,None,-0.46031481729687584,38.40993091121878,100,1,1
26220,4,ISS,None,-0.46031481729687584,38.40993091121878,100,1,1
26280,4,ISS,None,-0.46031481729687584,38.40993091121878,100,1,1
26340,4,ISS,None,-0.46031481729687584,38.40993091121878,100,1,1
26400,4,ISS,None,-0.46031481729687584,38.40993091121878,100,1,1
26460,4,ISS,None,-0.46031481729687584,38.40993091121878,100,1,1
26520,4,ISS,None,-0.46031481729687584,38.40993091121878,100,1,1
26580,4,ISS,None,-0.46031481729687584,38.40993091121878,100,1,1
26640,4,ISS,None,-0.46031481729687584,38.40993091121878,100,1,1
26700,4,ISS,None,-0.46031481729687584,38.40993091121878,100,1,1
26760,4,ISS,None,-0.46031481729687584,38.40993091121878,100,1,1
26820,4,ISS,None,-0.46031481729687584,38.40993091121878,100,1,1
26880,4,ISS,None,-0.46031481729687584,38.40993091121878,100,1,1
26940,4,ISS,None,-0.46031481729687584,38.40993091121878,100,1,1
27000,4,ISS,None,-0.46031481729687584,38.40993091121878,100,1,1
27060,4,ISS,None,-0.46031481729687584,38.40993091121878,100,1,1
27120,4,ISS,None,-0.46031481729687584,38.40993091121878,100,1,1
27180,4,ISS,None,-0.46031481729687584,38.40993091121878,100,1,1
27240,4,ISS,None,-0.46031481729687584,38.40993091121878,100,1,1
27300,4,ISS,None,-0.46031481729687584,38.40993091121878,100,1,1
27360,4,ISS,None,-0.46031481729687584,38.40993091121878,100,1,1
27420,4,ISS,None,-0.46031481729687584,38.40993091121878,100,1,1
27480,4,ISS,None,-0.46031481729687584,38.40993091121878,100,1,1
27540,4,ISS,None,-0.46031481729687584,38.40993091121878,100,1,1
27600,4,ISS,None,-0.46031481729687584,38.40993091121878,100,1,1
27660,4,ISS,None,-0.46031481729687584,38.40993091121878,100,1,1
27720,4,ISS,None,-0.46031481729687584,38.40993091121878,100,1,1
27780,4,ISS,None,-0.46031481729687584,38.40993091121878,100,1,1
27840,4,ISS,None,-0.46031481729687584,38.40993091121878,100,1,1
27900,4,ISS,None,-0.46031481729687584,38.40993091121878,100,1,1
27960,4,ISS,None,-0.46031481729687584,38.40993091121878,100,1,1
28020,4,ISS,None,-0.46031481729687584,38.40993091121878,100,1,1
28080,4,ISS,None,-0.46031481729687584,38.40993091121878,100,1,1
28140,4,ISS,None,-0.46031481729687584,38.40993091121878,100,1,1
28200,4,ISS,None,-0.46031481729687584,38.40993091121878,100,1,1
28260,4,ISS,None,-0.46031481729687584,38.40993091121878,100,1,1
28320,4,ISS,None,-0.46031481729687584,38.40993091121878,100,1,1
28380,4,ISS,None,-0.46031481729687584,38.40993091121878,100,1,1
28440,4,ISS,None,-0.46031481729687584,38.40993091121878,100,1,1
28500,4,ISS,None,-0.46031481729687584,38.40993091121878,100,1,1
28560,4,ISS,None,-0.46031481729687584,38.40993091121878,100,1,1
28620,4,ISS,None,-0.46031481729687584,38.40993091121878,100,1,1
28680,4,ISS,None,-0.46031481729687584,38.40993091121878,100,1,1
28740,4,ISS,None,-0.46031481729687584,38.40993091121878,100,1,1
28800,4,ISS,None,-0.46031481729687584,38.40993091121878,100,1,1
28860,4,ISS,None,-0.46031481729687584,38.40993091121878,100,1,1
28920,4,ISS,None,-0.46031481729687584,38.40993091121878,100,1,1
28980,4,ISS,None,-0.46031481729687584,38.40993091121878,100,1,1
29040,4,ISS,None,-0.46031481729687584,38.40993091121878,100,1,1
29100,4,ISS,None,-0.46031481729687584,38.40993091121878,100,1,1
29160,4,ISS,None,-0.46031481729687584,38.40993091121878,100,1,1
29220,4,ISS,None,-0.46031481729687584,38.40993091121878,100,1,1
29280,4,ISS,None,-0.46031481729687584,38.40993091121878,100,1,1
29340,4,ISS,None,-0.46031481729687584,38.40993091121878,100,1,1
29400,4,ISS,None,-0.46031481729687584,38.40993091121878,100,1,1
29460,4,ISS,None,-0.46031481729687584,38.40993091121878,100,1,1
29520,4,ISS,None,-0.46031481729687584,38.40993091121878,100,1,1
29580,4,ISS,None,-0.46031481729687584,38.40993091121878,100,1,1
29640,4,ISS,None,-0.46031481729687584,38.40993091121878,100,1,1
29700,4,ISS,None,-0.46031481729687584,38.40993091121878,100,1,1
29760,4,ISS,None,-0.46031481729687584,38.40993091121878,100,1,1
29820,4,ISS,None,-0.46031481729687584,38.40993091121878,100,1,1
29880,4,ISS,None,-0.46031481729687584,38.40993091121878,100,1,1
29940,4,ISS,None,-0.46031481729687584,38.40993091121878,100,1,1
30000,4,ISS,None,-0.46031481729687584,38.40993091121878,100,1,1
30060,4,ISS,None,-0.46031481729687584,38.40993091121878,100,1,1
30120,4,ISS,None,-0.46031481729687584,38.40993091121878,100,1,1
30180,4,ISS,None,-0.46031481729687584,38.40993091121878,100,1,1
30240,4,ISS,None,-0.46031481729687584,38.40993091121878,100,1,1
30300,4,ISS,None,-0.46031481729687584,38.40993091121878,100,1,1
30360,4,ISS,None,-0.46031481729687584,38.40993091121878,100,1,1
30420,4,ISS,None,-0.46031481729687584,38.40993091121878,100,1,1
30480,4,ISS,None,-0.46031481729687584,38.40993091121878,100,1,1
30540,4,ISS,None,-0.46031481729687584,38.40993091121878,100,1,1
30600,4,ISS,None,-0.46031481729687584,38.40993091121878,100,1,1
30660,4,ISS,None,-0.46031481729687584,38.40993091121878,100,1,1
30720,4,ISS,None,-0.46031481729687584,38.40993091121878,100,1,1
30780,4,ISS,None,-0.46031481729687584,38.40993091121878,100,1,1
30840,4,ISS,None,-0.46031481729687584,38.40993091121878,100,1,1
30900,4,ISS,None,-0.46031481729687584,38.40993091121878,100,1,1
30960,4,ISS,None,-0.46031481729687584,38.40993091121878,100,1,1
31020,4,ISS,None,-0.46031481729687584,38.40993091121878,100,1,1
31080,4,ISS,None,-0.46031481729687584,38.40993091121878,100,1,1
31140,4,ISS,None,-0.46031481729687584,38.40993091121878,100,1,1
31200,4,ISS,None,-0.46031481729687584,38.40993091121878,100,1,1
31260,4,ISS,None,-0.46031481729687584,38.40993091121878,100,1,1
31320,4,ISS,None,-0.46031481729687584,38.40993091121878,100,1,1
31380,4,ISS,None,-0.46031481729687584,38.40993091121878,100,1,1
31440,4,ISS,None,-0.46031481729687584,38.40993091121878,100,1,1
31500,4,ISS,None,-0.46031481729687584,38.40993091121878,100,1,1
31560,4,ISS,None,-0.46031481729687584,38.40993091121878,100,1,1
31620,4,ISS,None,-0.46031481729687584,38.40993091121878,100,1,1
31680,4,ISS,None,-0.46031481729687584,38.40993091121878,100,1,1
31740,4,ISS,None,-0.46031481729687584,38.40993091121878,100,1,1
31800,4,ISS,None,-0.46031481729687584,38.40993091121878,100,1,1
31860,4,ISS,None,-0.46031481729687584,38.40993091121878,100,1,1
31920,4,ISS,None,-0.46031481729687584,38.40993091121878,100,1,1
31980,4,ISS,None,-0.46031481729687584,38.40993091121878,100,1,1
32040,4,ISS,None,-0.46031481729687584,38.40993091121878,100,1,1
32100,4,ISS,None,-0.46031481729687584,38.40993091121878,100,1,1
32160,4,ISS,None,-0.46031481729687584,38.40993091121878,100,1,1
32220,4,ISS,None,-0.46031481729687584,38.40993091121878,100,1,1
32280,4,ISS,None,-0.46031481729687584,38.40993091121878,100,1,1
32340,4,ISS,None,-0.46031481729687584,38.40993091121878,100,1,1
32400,4,ISS,None,-0.46031481729687584,38.40993091121878,100,1,1
32460,4,ISS,None,-0.46031481729687584,38.40993091121878,100,1,1
32520,4,ISS,None,-0.46031481729687584,38.40993091121878,100,1,1
32580,4,ISS,None,-0.46031481729687584,38.40993091121878,100,1,1
32640,4,ISS,None,-0.46031481729687584,38.40993091121878,100,1,1
32700,4,ISS,None,-0.46031481729687584,38.40993091121878,100,1,1
32760,4,ISS,None,-0.46031481729687584,38.40993091121878,100,1,1
32820,4,ISS,None,-0.46031481729687584,38.40993091121878,100,1,1
32880,4,ISS,None,-0.46031481729687584,38.40993091121878,100,1,1
32940,4,ISS,None,-0.46031481729687584,38.40993091121878,100,1,1
33000,4,ISS,None,-0.46031481729687584,38.40993091121878,100,1,1
33060,4,ISS,None,-0.46031481729687584,38.40993091121878,100,1,1
33120,4,ISS,None,-0.46031481729687584,38.40993091121878,100,1,1
33180,4,ISS,None,-0.46031481729687584,38.40993091121878,100,1,1
33240,4,ISS,None,-0.46031481729687584,38.40993091121878,100,1,1
33300,4,ISS,None,-0.46031481729687584,38.40993091121878,100,1,1
33360,4,ISS,None,-0.46031481729687584,38.40993091121878,100,1,1
33420,4,ISS,None,-0.46031481729687584,38.40993091121878,100,1,1
33480,4,ISS,None,-0.46031481729687584,38.40993091121878,100,1,1
33540,4,ISS,None,-0.46031481729687584,38.40993091121878,100,1,1
33600,4,ISS,None,-0.46031481729687584,38.40993091121878,100,1,1
33660,4,ISS,None,-0.46031481729687584,38.40993091121878,100,1,1
33720,4,ISS,None,-0.46031481729687584,38.40993091121878,100,1,1
33780,4,ISS,None,-0.46031481729687584,38.40993091121878,100,1,1
33840,4,ISS,None,-0.46031481729687584,38.40993091121878,100,1,1
33900,4,ISS,None,-0.46031481729687584,38.40993091121878,100,1,1
33960,4,ISS,None,-0.46031481729687584,38.40993091121878,100,1,1
34020,4,ISS,None,-0.46031481729687584,38.40993091121878,100,1,1
34080,4,ISS,None,-0.46031481729687584,38.40993091121878,100,1,1
34140,4,ISS,None,-0.46031481729687584,38.40993091121878,100,1,1
34200,4,ISS,None,-0.46031481729687584,38.40993091121878,100,1,1
34260,4,ISS,None,-0.46031481729687584,38.40993091121878,100,1,1
34320,4,ISS,None,-0.46031481729687584,38.40993091121878,100,1,1
34380,4,ISS,None,-0.46031481729687584,38.40993091121878,100,1,1
34440,4,ISS,None,-0.46031481729687584,38.40993091121878,100,1,1
34500,4,ISS,None,-0.46031481729687584,38.40993091121878,100,1,1
34560,4,ISS,None,-0.46031481729687584,38.40993091121878,100,1,1
34620,4,ISS,None,-0.46031481729687584,38.40993091121878,100,1,1
34680,4,ISS,None,-0.46031481729687584,38.40993091121878,100,1,1
34740,4,ISS,None,-0.46031481729687584,38.40993091121878,100,1,1
34800,4,ISS,None,-0.46031481729687584,38.40993091121878,100,1,1
34860,4,ISS,None,-0.46031481729687584,38.40993091121878,100,1,1
34920,4,ISS,None,-0.46031481729687584,38.40993091121878,100,1,1
34980,4,ISS,None,-0.46031481729687584,38.40993091121878,100,1,1
35040,4,ISS,None,-0.46031481729687584,38.40993091121878,100,1,1
35100,4,ISS,None,-0.46031481729687584,38.40993091121878,100,1,1
35160,4,ISS,None,-0.46031481729687584,38.40993091121878,100,1,1
35220,4,ISS,None,-0.46031481729687584,38.40993091121878,100,1,1
35280,4,ISS,None,-0.46031481729687584,38.40993091121878,100,1,1
35340,4,ISS,None,-0.46031481729687584,38.40993091121878,100,1,1
35400,4,ISS,None,-0.46031481729687584,38.40993091121878,100,1,1
35460,4,ISS,None,-0.46031481729687584,38.40993091121878,100,1,1
35520,4,ISS,None,-0.46031481729687584,38.40993091121878,100,1,1
35580,4,ISS,None,-0.46031481729687584,38.40993091121878,100,1,1
35640,4,ISS,None,-0.46031481729687584,38.40993091121878,100,1,1
35700,4,ISS,None,-0.46031481729687584,38.40993091121878,100,1,1
35760,4,ISS,None,-0.46031481729687584,38.40993091121878,100,1,1
35820,4,ISS,None,-0.46031481729687584,38.40993091121878,100,1,1
35880,4,ISS,None,-0.46031481729687584,38.40993091121878,100,1,1
35940,4,ISS,None,-0.46031481729687584,38.40993091121878,100,1,1
36000,4,ISS,None,-0.46031481729687584,38.40993091121878,100,1,1
36060,4,ISS,None,-0.46031481729687584,38.40993091121878,100,1,1
36120,4,ISS,None,-0.46031481729687584,38.40993091121878,100,1,1
36180,4,ISS,None,-0.46031481729687584,38.40993091121878,100,1,1
36240,4,ISS,None,-0.46031481729687584,38.40993091121878,100,1,1
36300,4,ISS,None,-0.46031481729687584,38.40993091121878,100,1,1
36360,4,ISS,None,-0.46031481729687584,38.40993091121878,100,1,1
36420,4,ISS,None,-0.46031481729687584,38.40993091121878,100,1,1
36480,4,ISS,None,-0.46031481729687584,38.40993091121878,100,1,1
36540,4,ISS,None,-0.46031481729687584,38.40993091121878,100,1,1
36600,4,ISS,None,-0.46031481729687584,38.40993091121878,100,1,1
36660,4,ISS,None,-0.46031481729687584,38.40993091121878,100,1,1
36720,4,ISS,None,-0.46031481729687584,38.40993091121878,100,1,1
36780,4,ISS,None,-0.46031481729687584,38.40993091121878,100,1,1
36840,4,ISS,None,-0.46031481729687584,38.40993091121878,100,1,1
36900,4,ISS,None,-0.46031481729687584,38.40993091121878,100,1,1
36960,4,ISS,None,-0.46031481729687584,38.40993091121878,100,1,1
37020,4,ISS,None,-0.46031481729687584,38.40993091121878,100,1,1
37080,4,ISS,None,-0.46031481729687584,38.40993091121878,100,1,1
37140,4,ISS,None,-0.46031481729687584,38.40993091121878,100,1,1
37200,4,ISS,None,-0.46031481729687584,38.40993091121878,100,1,1
37260,4,ISS,None,-0.46031481729687584,38.40993091121878,100,1,1
37320,4,ISS,None,-0.46031481729687584,38.40993091121878,100,1,1
37380,4,ISS,None,-0.46031481729687584,38.40993091121878,100,1,1
37440,4,ISS,None,-0.46031481729687584,38.40993091121878,100,1,1
37500,4,ISS,None,-0.46031481729687584,38.40993091121878,100,1,1
37560,4,ISS,None,-0.46031481729687584,38.40993091121878,100,1,1
37620,4,ISS,None,-0.46031481729687584,38.40993091121878,100,1,1
37680,4,ISS,None,-0.46031481729687584,38.40993091121878,100,1,1
37740,4,ISS,None,-0.46031481729687584,38.40993091121878,100,1,1
37800,4,ISS,None,-0.46031481729687584,38.40993091121878,100,1,1
37860,4,ISS,None,-0.46031481729687584,38.40993091121878,100,1,1
37920,4,ISS,None,-0.46031481729687584,38.40993091121878,100,1,1
37980,4,ISS,None,-0.46031481729687584,38.40993091121878,100,1,1
38040,4,ISS,None,-0.46031481729687584,38.40993091121878,100,1,1
38100,4,ISS,None,-0.46031481729687584,38.40993091121878,100,1,1
38160,4,ISS,None,-0.46031481729687584,38.40993091121878,100,1,1
38220,4,ISS,None,-0.46031481729687584,38.40993091121878,100,1,1
38280,4,ISS,None,-0.46031481729687584,38.40993091121878,100,1,1
38340,4,ISS,None,-0.46031481729687584,38.40993091121878,100,1,1
38400,4,ISS,None,-0.46031481729687584,38.40993091121878,100,1,1
38460,4,ISS,None,-0.46031481729687584,38.40993091121878,100,1,1
38520,4,ISS,None,-0.46031481729687584,38.40993091121878,100,1,1
38580,4,ISS,None,-0.46031481729687584,38.40993091121878,100,1,1
38640,4,ISS,None,-0.46031481729687584,38.40993091121878,100,1,1
38700,4,ISS,None,-0.46031481729687584,38.40993091121878,100,1,1
38760,4,ISS,None,-0.46031481729687584,38.40993091121878,100,1,1
38820,4,ISS,None,-0.46031481729687584,38.40993091121878,100,1,1
38880,4,ISS,None,-0.46031481729687584,38.40993091121878,100,1,1
38940,4,ISS,None,-0.46031481729687584,38.40993091121878,100,1,1
39000,4,ISS,None,-0.46031481729687584,38.40993091121878,100,1,1
39060,4,ISS,None,-0.46031481729687584,38.40993091121878,100,1,1
39120,4,ISS,None,-0.46031481729687584,38.40993091121878,100,1,1
39180,4,ISS,None,-0.46031481729687584,38.40993091121878,100,1,1
39240,4,ISS,None,-0.46031481729687584,38.40993091121878,100,1,1
39300,4,ISS,None,-0.46031481729687584,38.40993091121878,100,1,1
39360,4,ISS,None,-0.46031481729687584,38.40993091121878,100,1,1
39420,4,ISS,None,-0.46031481729687584,38.40993091121878,100,1,1
39480,4,ISS,None,-0.46031481729687584,38.40993091121878,100,1,1
39540,4,ISS,None,-0.46031481729687584,38.40993091121878,100,1,1
39600,4,ISS,None,-0.46031481729687584,38.40993091121878,100,1,1
39660,4,ISS,None,-0.46031481729687584,38.40993091121878,100,1,1
39720,4,ISS,None,-0.46031481729687584,38.40993091121878,100,1,1
39780,4,ISS,None,-0.46031481729687584,38.40993091121878,100,1,1
39840,4,ISS,None,-0.46031481729687584,38.40993091121878,100,1,1
39900,4,ISS,None,-0.46031481729687584,38.40993091121878,100,1,1
39960,4,ISS,None,-0.46031481729687584,38.40993091121878,100,1,1
40020,4,ISS,None,-0.46031481729687584,38.40993091121878,100,1,1
40080,4,ISS,None,-0.46031481729687584,38.40993091121878,100,1,1
40140,4,ISS,None,-0.46031481729687584,38.40993091121878,100,1,1
40200,4,ISS,None,-0.46031481729687584,38.40993091121878,100,1,1
40260,4,ISS,None,-0.46031481729687584,38.40993091121878,100,1,1
40320,4,ISS,None,-0.46031481729687584,38.40993091121878,100,1,1
40380,4,ISS,None,-0.46031481729687584,38.40993091121878,100,1,1
40440,4,ISS,None,-0.46031481729687584,38.40993091121878,100,1,1
40500,4,ISS,None,-0.46031481729687584,38.40993091121878,100,1,1
40560,4,ISS,None,-0.46031481729687584,38.40993091121878,100,1,1
40620,4,ISS,None,-0.46031481729687584,38.40993091121878,100,1,1
40680,4,ISS,None,-0.46031481729687584,38.40993091121878,100,1,1
40740,4,ISS,None,-0.46031481729687584,38.40993091121878,100,1,1
40800,4,ISS,None,-0.46031481729687584,38.40993091121878,100,1,1
40860,4,ISS,None,-0.46031481729687584,38.40993091121878,100,1,1
40920,4,ISS,None,-0.46031481729687584,38.40993091121878,100,1,1
40980,4,ISS,None,-0.46031481729687584,38.40993091121878,100,1,1
41040,4,ISS,None,-0.46031481729687584,38.40993091121878,100,1,1
41100,4,ISS,None,-0.46031481729687584,38.40993091121878,100,1,1
41160,4,ISS,None,-0.46031481729687584,38.40993091121878,100,1,1
41220,4,ISS,None,-0.46031481729687584,38.40993091121878,100,1,1
41280,4,ISS,None,-0.46031481729687584,38.40993091121878,100,1,1
41340,4,ISS,None,-0.46031481729687584,38.40993091121878,100,1,1
41400,4,ISS,None,-0.46031481729687584,38.40993091121878,100,1,1
41460,4,ISS,None,-0.46031481729687584,38.40993091121878,100,1,1
41520,4,ISS,None,-0.46031481729687584,38.40993091121878,100,1,1
41580,4,ISS,None,-0.46031481729687584,38.40993091121878,100,1,1
41640,4,ISS,None,-0.46031481729687584,38.40993091121878,100,1,1
41700,4,ISS,None,-0.46031481729687584,38.40993091121878,100,1,1
41760,4,ISS,None,-0.46031481729687584,38.40993091121878,100,1,1
41820,4,ISS,None,-0.46031481729687584,38.40993091121878,100,1,1
41880,4,ISS,None,-0.46031481729687584,38.40993091121878,100,1,1
41940,4,ISS,None,-0.46031481729687584,38.40993091121878,100,1,1
42000,4,ISS,None,-0.46031481729687584,38.40993091121878,100,1,1
42060,4,ISS,None,-0.46031481729687584,38.40993091121878,100,1,1
42120,4,ISS,None,-0.46031481729687584,38.40993091121878,100,1,1
42180,4,ISS,None,-0.46031481729687584,38.40993091121878,100,1,1
42240,4,ISS,None,-0.46031481729687584,38.40993091121878,100,1,1
42300,4,ISS,None,-0.46031481729687584,38.40993091121878,100,1,1
42360,4,ISS,None,-0.46031481729687584,38.40993091121878,100,1,1
42420,4,ISS,None,-0.46031481729687584,38.40993091121878,100,1,1
42480,4,ISS,None,-0.46031481729687584,38.40993091121878,100,1,1
42540,4,ISS,None,-0.46031481729687584,38.40993091121878,100,1,1
42600,4,ISS,None,-0.46031481729687584,38.40993091121878,100,1,1
42660,4,ISS,None,-0.46031481729687584,38.40993091121878,100,1,1
42720,4,ISS,None,-0.46031481729687584,38.40993091121878,100,1,1
42780,4,ISS,None,-0.46031481729687584,38.40993091121878,100,1,1
42840,4,ISS,None,-0.46031481729687584,38.40993091121878,100,1,1
42900,4,ISS,None,-0.46031481729687584,38.40993091121878,100,1,1
42960,4,ISS,None,-0.46031481729687584,38.40993091121878,100,1,1
43020,4,ISS,None,-0.46031481729687584,38.40993091121878,100,1,1
43080,4,ISS,None,-0.46031481729687584,38.40993091121878,100,1,1
43140,4,ISS,None,-0.46031481729687584,38.40993091121878,100,1,1
43200,4,ISS,None,-0.46031481729687584,38.40993091121878,100,1,1
43260,4,ISS,None,-0.46031481729687584,38.40993091121878,100,1,1
43320,4,ISS,None,-0.46031481729687584,38.40993091121878,100,1,1
43380,4,ISS,None,-0.46031481729687584,38.40993091121878,100,1,1
43440,4,ISS,None,-0.46031481729687584,38.40993091121878,100,1,1
43500,4,ISS,None,-0.46031481729687584,38.40993091121878,100,1,1
43560,4,ISS,None,-0.46031481729687584,38.40993091121878,100,1,1
43620,4,ISS,None,-0.46031481729687584,38.40993091121878,100,1,1
43680,4,ISS,None,-0.46031481729687584,38.40993091121878,100,1,1
43740,4,ISS,None,-0.46031481729687584,38.40993091121878,100,1,1
43800,4,ISS,None,-0.46031481729687584,38.40993091121878,100,1,1
43860,4,ISS,None,-0.46031481729687584,38.40993091121878,100,1,1
43920,4,ISS,None,-0.46031481729687584,38.40993091121878,100,1,1
43980,4,ISS,None,-0.46031481729687584,38.40993091121878,100,1,1
44040,4,ISS,None,-0.46031481729687584,38.40993091121878,100,1,1
44100,4,ISS,None,-0.46031481729687584,38.40993091121878,100,1,1
44160,4,ISS,None,-0.46031481729687584,38.40993091121878,100,1,1
44220,4,ISS,None,-0.46031481729687584,38.40993091121878,100,1,1
44280,4,ISS,None,-0.46031481729687584,38.40993091121878,100,1,1
44340,4,ISS,None,-0.46031481729687584,38.40993091121878,100,1,1
44400,4,ISS,None,-0.46031481729687584,38.40993091121878,100,1,1
44460,4,ISS,None,-0.46031481729687584,38.40993091121878,100,1,1
44520,4,ISS,None,-0.46031481729687584,38.40993091121878,100,1,1
44580,4,ISS,None,-0.46031481729687584,38.40993091121878,100,1,1
44640,4,ISS,None,-0.46031481729687584,38.40993091121878,100,1,1
44700,4,ISS,None,-0.46031481729687584,38.40993091121878,100,1,1
44760,4,ISS,None,-0.46031481729687584,38.40993091121878,100,1,1
44820,4,ISS,None,-0.46031481729687584,38.40993091121878,100,1,1
44880,4,ISS,None,-0.46031481729687584,38.40993091121878,100,1,1
44940,4,ISS,None,-0.46031481729687584,38.40993091121878,100,1,1
45000,4,ISS,None,-0.46031481729687584,38.40993091121878,100,1,1
45060,4,ISS,None,-0.46031481729687584,38.40993091121878,100,1,1
45120,4,ISS,None,-0.46031481729687584,38.40993091121878,100,1,1
45180,4,ISS,None,-0.46031481729687584,38.40993091121878,100,1,1
45240,4,ISS,None,-0.46031481729687584,38.40993091121878,100,1,1
45300,4,ISS,None,-0.46031481729687584,38.40993091121878,100,1,1
45360,4,ISS,None,-0.46031481729687584,38.40993091121878,100,1,1
45420,4,ISS,None,-0.46031481729687584,38.40993091121878,100,1,1
45480,4,ISS,None,-0.46031481729687584,38.40993091121878,100,1,1
45540,4,ISS,None,-0.46031481729687584,38.40993091121878,100,1,1
45600,4,ISS,None,-0.46031481729687584,38.40993091121878,100,1,1
45660,4,ISS,None,-0.46031481729687584,38.40993091121878,100,1,1
45720,4,ISS,None,-0.46031481729687584,38.40993091121878,100,1,1
45780,4,ISS,None,-0.46031481729687584,38.40993091121878,100,1,1
45840,4,ISS,None,-0.46031481729687584,38.40993091121878,100,1,1
45900,4,ISS,None,-0.46031481729687584,38.40993091121878,100,1,1
45960,4,ISS,None,-0.46031481729687584,38.40993091121878,100,1,1
46020,4,ISS,None,-0.46031481729687584,38.40993091121878,100,1,1
46080,4,ISS,None,-0.46031481729687584,38.40993091121878,100,1,1
46140,4,ISS,None,-0.46031481729687584,38.40993091121878,100,1,1
46200,4,ISS,None,-0.46031481729687584,38.40993091121878,100,1,1
46260,4,ISS,None,-0.46031481729687584,38.40993091121878,100,1,1
46320,4,ISS,None,-0.46031481729687584,38.40993091121878,100,1,1
46380,4,ISS,None,-0.46031481729687584,38.40993091121878,100,1,1
46440,4,ISS,None,-0.46031481729687584,38.40993091121878,100,1,1
46500,4,ISS,None,-0.46031481729687584,38.40993091121878,100,1,1
46560,4,ISS,None,-0.46031481729687584,38.40993091121878,100,1,1
46620,4,ISS,None,-0.46031481729687584,38.40993091121878,100,1,1
46680,4,ISS,None,-0.46031481729687584,38.40993091121878,100,1,1
46740,4,ISS,None,-0.46031481729687584,38.40993091121878,100,1,1
46800,4,ISS,None,-0.46031481729687584,38.40993091121878,100,1,1
46860,4,ISS,None,-0.46031481729687584,38.40993091121878,100,1,1
46920,4,ISS,None,-0.46031481729687584,38.40993091121878,100,1,1
46980,4,ISS,None,-0.46031481729687584,38.40993091121878,100,1,1
47040,4,ISS,None,-0.46031481729687584,38.40993091121878,100,1,1
47100,4,ISS,None,-0.46031481729687584,38.40993091121878,100,1,1
47160,4,ISS,None,-0.46031481729687584,38.40993091121878,100,1,1
47220,4,ISS,None,-0.46031481729687584,38.40993091121878,100,1,1
47280,4,ISS,None,-0.46031481729687584,38.40993091121878,100,1,1
47340,4,ISS,None,-0.46031481729687584,38.40993091121878,100,1,1
47400,4,ISS,None,-0.46031481729687584,38.40993091121878,100,1,1
47460,4,ISS,None,-0.46031481729687584,38.40993091121878,100,1,1
47520,4,ISS,None,-0.46031481729687584,38.40993091121878,100,1,1
47580,4,ISS,None,-0.46031481729687584,38.40993091121878,100,1,1
47640,4,ISS,None,-0.46031481729687584,38.40993091121878,100,1,1
47700,4,ISS,None,-0.46031481729687584,38.40993091121878,100,1,1
47760,4,ISS,None,-0.46031481729687584,38.40993091121878,100,1,1
47820,4,ISS,None,-0.46031481729687584,38.40993091121878,100,1,1
47880,4,ISS,None,-0.46031481729687584,38.40993091121878,100,1,1
47940,4,ISS,None,-0.46031481729687584,38.40993091121878,100,1,1
48000,4,ISS,None,-0.46031481729687584,38.40993091121878,100,1,1
48060,4,ISS,None,-0.46031481729687584,38.40993091121878,100,1,1
48120,4,ISS,None,-0.46031481729687584,38.40993091121878,100,1,1
48180,4,ISS,None,-0.46031481729687584,38.40993091121878,100,1,1
48240,4,ISS,None,-0.46031481729687584,38.40993091121878,100,1,1
48300,4,ISS,None,-0.46031481729687584,38.40993091121878,100,1,1
48360,4,ISS,None,-0.46031481729687584,38.40993091121878,100,1,1
48420,4,ISS,None,-0.46031481729687584,38.40993091121878,100,1,1
48480,4,ISS,None,-0.46031481729687584,38.40993091121878,100,1,1
48540,4,ISS,None,-0.46031481729687584,38.40993091121878,100,1,1
48600,4,ISS,None,-0.46031481729687584,38.40993091121878,100,1,1
48660,4,ISS,None,-0.46031481729687584,38.40993091121878,100,1,1
48720,4,ISS,None,-0.46031481729687584,38.40993091121878,100,1,1
48780,4,ISS,None,-0.46031481729687584,38.40993091121878,100,1,1
48840,4,ISS,None,-0.46031481729687584,38.40993091121878,100,1,1
48900,4,ISS,None,-0.46031481729687584,38.40993091121878,100,1,1
48960,4,ISS,None,-0.46031481729687584,38.40993091121878,100,1,1
49020,4,ISS,None,-0.46031481729687584,38.40993091121878,100,1,1
49080,4,ISS,None,-0.46031481729687584,38.40993091121878,100,1,1
49140,4,ISS,None,-0.46031481729687584,38.40993091121878,100,1,1
49200,4,ISS,None,-0.46031481729687584,38.40993091121878,100,1,1
49260,4,ISS,None,-0.46031481729687584,38.40993091121878,100,1,1
49320,4,ISS,None,-0.46031481729687584,38.40993091121878,100,1,1
49380,4,ISS,None,-0.46031481729687584,38.40993091121878,100,1,1
49440,4,ISS,None,-0.46031481729687584,38.40993091121878,100,1,1
49500,4,ISS,None,-0.46031481729687584,38.40993091121878,100,1,1
49560,4,ISS,None,-0.46031481729687584,38.40993091121878,100,1,1
49620,4,ISS,None,-0.46031481729687584,38.40993091121878,100,1,1
49680,4,ISS,None,-0.46031481729687584,38.40993091121878,100,1,1
49740,4,ISS,None,-0.46031481729687584,38.40993091121878,100,1,1
49800,4,ISS,None,-0.46031481729687584,38.40993091121878,100,1,1
49860,4,ISS,None,-0.46031481729687584,38.40993091121878,100,1,1
49920,4,ISS,None,-0.46031481729687584,38.40993091121878,100,1,1
49980,4,ISS,None,-0.46031481729687584,38.40993091121878,100,1,1
50040,4,ISS,None,-0.46031481729687584,38.40993091121878,100,1,1
50100,4,ISS,None,-0.46031481729687584,38.40993091121878,100,1,1
50160,4,ISS,None,-0.46031481729687584,38.40993091121878,100,1,1
50220,4,ISS,None,-0.46031481729687584,38.40993091121878,100,1,1
50280,4,ISS,None,-0.46031481729687584,38.40993091121878,100,1,1
50340,4,ISS,None,-0.46031481729687584,38.40993091121878,100,1,1
50400,4,ISS,None,-0.46031481729687584,38.40993091121878,100,1,1
50460,4,ISS,None,-0.46031481729687584,38.40993091121878,100,1,1
50520,4,ISS,None,-0.46031481729687584,38.40993091121878,100,1,1
50580,4,ISS,None,-0.46031481729687584,38.40993091121878,100,1,1
50640,4,ISS,None,-0.46031481729687584,38.40993091121878,100,1,1
50700,4,ISS,None,-0.46031481729687584,38.40993091121878,100,1,1
50760,4,ISS,None,-0.46031481729687584,38.40993091121878,100,1,1
50820,4,ISS,None,-0.46031481729687584,38.40993091121878,100,1,1
50880,4,ISS,None,-0.46031481729687584,38.40993091121878,100,1,1
50940,4,ISS,None,-0.46031481729687584,38.40993091121878,100,1,1
51000,4,ISS,None,-0.46031481729687584,38.40993091121878,100,1,1
51060,4,ISS,None,-0.46031481729687584,38.40993091121878,100,1,1
51120,4,ISS,None,-0.46031481729687584,38.40993091121878,100,1,1
51180,4,ISS,None,-0.46031481729687584,38.40993091121878,100,1,1
51240,4,ISS,None,-0.46031481729687584,38.40993091121878,100,1,1
51300,4,ISS,None,-0.46031481729687584,38.40993091121878,100,1,1
51360,4,ISS,None,-0.46031481729687584,38.40993091121878,100,1,1
51420,4,ISS,None,-0.46031481729687584,38.40993091121878,100,1,1
51480,4,ISS,None,-0.46031481729687584,38.40993091121878,100,1,1
51540,4,ISS,None,-0.46031481729687584,38.40993091121878,100,1,1
51600,4,ISS,None,-0.46031481729687584,38.40993091121878,100,1,1
51660,4,ISS,None,-0.46031481729687584,38.40993091121878,100,1,1
51720,4,ISS,None,-0.46031481729687584,38.40993091121878,100,1,1
51780,4,ISS,None,-0.46031481729687584,38.40993091121878,100,1,1
51840,4,ISS,None,-0.46031481729687584,38.40993091121878,100,1,1
51900,4,ISS,None,-0.46031481729687584,38.40993091121878,100,1,1
51960,4,ISS,None,-0.46031481729687584,38.40993091121878,100,1,1
52020,4,ISS,None,-0.46031481729687584,38.40993091121878,100,1,1
52080,4,ISS,None,-0.46031481729687584,38.40993091121878,100,1,1
52140,4,ISS,None,-0.46031481729687584,38.40993091121878,100,1,1
52200,4,ISS,None,-0.46031481729687584,38.40993091121878,100,1,1
52260,4,ISS,None,-0.46031481729687584,38.40993091121878,100,1,1
52320,4,ISS,None,-0.46031481729687584,38.40993091121878,100,1,1
52380,4,ISS,None,-0.46031481729687584,38.40993091121878,100,1,1
52440,4,ISS,None,-0.46031481729687584,38.40993091121878,100,1,1
52500,4,ISS,None,-0.46031481729687584,38.40993091121878,100,1,1
52560,4,ISS,None,-0.46031481729687584,38.40993091121878,100,1,1
52620,4,ISS,None,-0.46031481729687584,38.40993091121878,100,1,1
52680,4,ISS,None,-0.46031481729687584,38.40993091121878,100,1,1
52740,4,ISS,None,-0.46031481729687584,38.40993091121878,100,1,1
52800,4,ISS,None,-0.46031481729687584,38.40993091121878,100,1,1
52860,4,ISS,None,-0.46031481729687584,38.40993091121878,100,1,1
52920,4,ISS,None,-0.46031481729687584,38.40993091121878,100,1,1
52980,4,ISS,None,-0.46031481729687584,38.40993091121878,100,1,1
53040,4,ISS,None,-0.46031481729687584,38.40993091121878,100,1,1
53100,4,ISS,None,-0.46031481729687584,38.40993091121878,100,1,1
53160,4,ISS,None,-0.46031481729687584,38.40993091121878,100,1,1
53220,4,ISS,None,-0.46031481729687584,38.40993091121878,100,1,1
53280,4,ISS,None,-0.46031481729687584,38.40993091121878,100,1,1
53340,4,ISS,None,-0.46031481729687584,38.40993091121878,100,1,1
53400,4,ISS,None,-0.46031481729687584,38.40993091121878,100,1,1
53460,4,ISS,None,-0.46031481729687584,38.40993091121878,100,1,1
53520,4,ISS,None,-0.46031481729687584,38.40993091121878,100,1,1
53580,4,ISS,None,-0.46031481729687584,38.40993091121878,100,1,1
53640,4,ISS,None,-0.46031481729687584,38.40993091121878,100,1,1
53700,4,ISS,None,-0.46031481729687584,38.40993091121878,100,1,1
53760,4,ISS,None,-0.46031481729687584,38.40993091121878,100,1,1
53820,4,ISS,None,-0.46031481729687584,38.40993091121878,100,1,1
53880,4,ISS,None,-0.46031481729687584,38.40993091121878,100,1,1
53940,4,ISS,None,-0.46031481729687584,38.40993091121878,100,1,1
54000,4,ISS,None,-0.46031481729687584,38.40993091121878,100,1,1
54060,4,ISS,None,-0.46031481729687584,38.40993091121878,100,1,1
54120,4,ISS,None,-0.46031481729687584,38.40993091121878,100,1,1
54180,4,ISS,None,-0.46031481729687584,38.40993091121878,100,1,1
54240,4,ISS,None,-0.46031481729687584,38.40993091121878,100,1,1
54300,4,ISS,None,-0.46031481729687584,38.40993091121878,100,1,1
54360,4,ISS,None,-0.46031481729687584,38.40993091121878,100,1,1
54420,4,ISS,None,-0.46031481729687584,38.40993091121878,100,1,1
54480,4,ISS,None,-0.46031481729687584,38.40993091121878,100,1,1
54540,4,ISS,None,-0.46031481729687584,38.40993091121878,100,1,1
54600,4,ISS,None,-0.46031481729687584,38.40993091121878,100,1,1
54660,4,ISS,None,-0.46031481729687584,38.40993091121878,100,1,1
54720,4,ISS,None,-0.46031481729687584,38.40993091121878,100,1,1
54780,4,ISS,None,-0.46031481729687584,38.40993091121878,100,1,1
54840,4,ISS,None,-0.46031481729687584,38.40993091121878,100,1,1
54900,4,ISS,None,-0.46031481729687584,38.40993091121878,100,1,1
54960,4,ISS,None,-0.46031481729687584,38.40993091121878,100,1,1
55020,4,ISS,None,-0.46031481729687584,38.40993091121878,100,1,1
55080,4,ISS,None,-0.46031481729687584,38.40993091121878,100,1,1
55140,4,ISS,None,-0.46031481729687584,38.40993091121878,100,1,1
55200,4,ISS,None,-0.46031481729687584,38.40993091121878,100,1,1
55260,4,ISS,None,-0.46031481729687584,38.40993091121878,100,1,1
55320,4,ISS,None,-0.46031481729687584,38.40993091121878,100,1,1
55380,4,ISS,None,-0.46031481729687584,38.40993091121878,100,1,1
55440,4,ISS,None,-0.46031481729687584,38.40993091121878,100,1,1
55500,4,ISS,None,-0.46031481729687584,38.40993091121878,100,1,1
55560,4,ISS,None,-0.46031481729687584,38.40993091121878,100,1,1
55620,4,ISS,None,-0.46031481729687584,38.40993091121878,100,1,1
55680,4,ISS,None,-0.46031481729687584,38.40993091121878,100,1,1
55740,4,ISS,None,-0.46031481729687584,38.40993091121878,100,1,1
55800,4,ISS,None,-0.46031481729687584,38.40993091121878,100,1,1
55860,4,ISS,None,-0.46031481729687584,38.40993091121878,100,1,1
55920,4,ISS,None,-0.46031481729687584,38.40993091121878,100,1,1
55980,4,ISS,None,-0.46031481729687584,38.40993091121878,100,1,1
56040,4,ISS,None,-0.46031481729687584,38.40993091121878,100,1,1
56100,4,ISS,None,-0.46031481729687584,38.40993091121878,100,1,1
56160,4,ISS,None,-0.46031481729687584,38.40993091121878,100,1,1
56220,4,ISS,None,-0.46031481729687584,38.40993091121878,100,1,1
56280,4,ISS,None,-0.46031481729687584,38.40993091121878,100,1,1
56340,4,ISS,None,-0.46031481729687584,38.40993091121878,100,1,1
56400,4,ISS,None,-0.46031481729687584,38.40993091121878,100,1,1
56460,4,ISS,None,-0.46031481729687584,38.40993091121878,100,1,1
56520,4,ISS,None,-0.46031481729687584,38.40993091121878,100,1,1
56580,4,ISS,None,-0.46031481729687584,38.40993091121878,100,1,1
56640,4,ISS,None,-0.46031481729687584,38.40993091121878,100,1,1
56700,4,ISS,None,-0.46031481729687584,38.40993091121878,100,1,1
56760,4,ISS,None,-0.46031481729687584,38.40993091121878,100,1,1
56820,4,ISS,None,-0.46031481729687584,38.40993091121878,100,1,1
56880,4,ISS,None,-0.46031481729687584,38.40993091121878,100,1,1
56940,4,ISS,None,-0.46031481729687584,38.40993091121878,100,1,1
57000,4,ISS,None,-0.46031481729687584,38.40993091121878,100,1,1
57060,4,ISS,None,-0.46031481729687584,38.40993091121878,100,1,1
57120,4,ISS,None,-0.46031481729687584,38.40993091121878,100,1,1
57180,4,ISS,None,-0.46031481729687584,38.40993091121878,100,1,1
57240,4,ISS,None,-0.46031481729687584,38.40993091121878,100,1,1
57300,4,ISS,None,-0.46031481729687584,38.40993091121878,100,1,1
57360,4,ISS,None,-0.46031481729687584,38.40993091121878,100,1,1
57420,4,ISS,None,-0.46031481729687584,38.40993091121878,100,1,1
57480,4,ISS,None,-0.46031481729687584,38.40993091121878,100,1,1
57540,4,ISS,None,-0.46031481729687584,38.40993091121878,100,1,1
57600,4,ISS,None,-0.46031481729687584,38.40993091121878,100,1,1
57660,4,ISS,None,-0.46031481729687584,38.40993091121878,100,1,1
57720,4,ISS,None,-0.46031481729687584,38.40993091121878,100,1,1
57780,4,ISS,None,-0.46031481729687584,38.40993091121878,100,1,1
57840,4,ISS,None,-0.46031481729687584,38.40993091121878,100,1,1
57900,4,ISS,None,-0.46031481729687584,38.40993091121878,100,1,1
57960,4,ISS,None,-0.46031481729687584,38.40993091121878,100,1,1
58020,4,ISS,None,-0.46031481729687584,38.40993091121878,100,1,1
58080,4,ISS,None,-0.46031481729687584,38.40993091121878,100,1,1
58140,4,ISS,None,-0.46031481729687584,38.40993091121878,100,1,1
58200,4,ISS,None,-0.46031481729687584,38.40993091121878,100,1,1
58260,4,ISS,None,-0.46031481729687584,38.40993091121878,100,1,1
58320,4,ISS,None,-0.46031481729687584,38.40993091121878,100,1,1
58380,4,ISS,None,-0.46031481729687584,38.40993091121878,100,1,1
58440,4,ISS,None,-0.46031481729687584,38.40993091121878,100,1,1
58500,4,ISS,None,-0.46031481729687584,38.40993091121878,100,1,1
58560,4,ISS,None,-0.46031481729687584,38.40993091121878,100,1,1
58620,4,ISS,None,-0.46031481729687584,38.40993091121878,100,1,1
58680,4,ISS,None,-0.46031481729687584,38.40993091121878,100,1,1
58740,4,ISS,None,-0.46031481729687584,38.40993091121878,100,1,1
58800,4,ISS,None,-0.46031481729687584,38.40993091121878,100,1,1
58860,4,ISS,None,-0.46031481729687584,38.40993091121878,100,1,1
58920,4,ISS,None,-0.46031481729687584,38.40993091121878,100,1,1
58980,4,ISS,None,-0.46031481729687584,38.40993091121878,100,1,1
59040,4,ISS,None,-0.46031481729687584,38.40993091121878,100,1,1
59100,4,ISS,None,-0.46031481729687584,38.40993091121878,100,1,1
59160,4,ISS,None,-0.46031481729687584,38.40993091121878,100,1,1
59220,4,ISS,None,-0.46031481729687584,38.40993091121878,100,1,1
59280,4,ISS,None,-0.46031481729687584,38.40993091121878,100,1,1
59340,4,ISS,None,-0.46031481729687584,38.40993091121878,100,1,1
59400,4,ISS,None,-0.46031481729687584,38.40993091121878,100,1,1
59460,4,ISS,None,-0.46031481729687584,38.40993091121878,100,1,1
59520,4,ISS,None,-0.46031481729687584,38.40993091121878,100,1,1
59580,4,ISS,None,-0.46031481729687584,38.40993091121878,100,1,1
59640,4,ISS,None,-0.46031481729687584,38.40993091121878,100,1,1
59700,4,ISS,None,-0.46031481729687584,38.40993091121878,100,1,1
59760,4,ISS,None,-0.46031481729687584,38.40993091121878,100,1,1
59820,4,ISS,None,-0.46031481729687584,38.40993091121878,100,1,1
59880,4,ISS,None,-0.46031481729687584,38.40993091121878,100,1,1
59940,4,ISS,None,-0.46031481729687584,38.40993091121878,100,1,1
60000,4,ISS,None,-0.46031481729687584,38.40993091121878,100,1,1
60060,4,ISS,None,-0.46031481729687584,38.40993091121878,100,1,1
60120,4,ISS,None,-0.46031481729687584,38.40993091121878,100,1,1
60180,4,ISS,None,-0.46031481729687584,38.40993091121878,100,1,1
60240,4,ISS,None,-0.46031481729687584,38.40993091121878,100,1,1
60300,4,ISS,None,-0.46031481729687584,38.40993091121878,100,1,1
60360,4,ISS,None,-0.46031481729687584,38.40993091121878,100,1,1
60420,4,ISS,None,-0.46031481729687584,38.40993091121878,100,1,1
60480,4,ISS,None,-0.46031481729687584,38.40993091121878,100,1,1
60540,4,ISS,None,-0.46031481729687584,38.40993091121878,100,1,1
60600,4,ISS,None,-0.46031481729687584,38.40993091121878,100,1,1
60660,4,ISS,None,-0.46031481729687584,38.40993091121878,100,1,1
60720,4,ISS,None,-0.46031481729687584,38.40993091121878,100,1,1
60780,4,ISS,None,-0.46031481729687584,38.40993091121878,100,1,1
60840,4,ISS,None,-0.46031481729687584,38.40993091121878,100,1,1
60900,4,ISS,None,-0.46031481729687584,38.40993091121878,100,1,1
60960,4,ISS,None,-0.46031481729687584,38.40993091121878,100,1,1
61020,4,ISS,None,-0.46031481729687584,38.40993091121878,100,1,1
61080,4,ISS,None,-0.46031481729687584,38.40993091121878,100,1,1
61140,4,ISS,None,-0.46031481729687584,38.40993091121878,100,1,1
61200,4,ISS,None,-0.46031481729687584,38.40993091121878,100,1,1
61260,4,ISS,None,-0.46031481729687584,38.40993091121878,100,1,1
61320,4,ISS,None,-0.46031481729687584,38.40993091121878,100,1,1
61380,4,ISS,None,-0.46031481729687584,38.40993091121878,100,1,1
61440,4,ISS,None,-0.46031481729687584,38.40993091121878,100,1,1
61500,4,ISS,None,-0.46031481729687584,38.40993091121878,100,1,1
61560,4,ISS,None,-0.46031481729687584,38.40993091121878,100,1,1
61620,4,ISS,None,-0.46031481729687584,38.40993091121878,100,1,1
61680,4,ISS,None,-0.46031481729687584,38.40993091121878,100,1,1
61740,4,ISS,None,-0.46031481729687584,38.40993091121878,100,1,1
61800,4,ISS,None,-0.46031481729687584,38.40993091121878,100,1,1
61860,4,ISS,None,-0.46031481729687584,38.40993091121878,100,1,1
61920,4,ISS,None,-0.46031481729687584,38.40993091121878,100,1,1
61980,4,ISS,None,-0.46031481729687584,38.40993091121878,100,1,1
62040,4,ISS,None,-0.46031481729687584,38.40993091121878,100,1,1
62100,4,ISS,None,-0.46031481729687584,38.40993091121878,100,1,1
62160,4,ISS,None,-0.46031481729687584,38.40993091121878,100,1,1
62220,4,ISS,None,-0.46031481729687584,38.40993091121878,100,1,1
62280,4,ISS,None,-0.46031481729687584,38.40993091121878,100,1,1
62340,4,ISS,None,-0.46031481729687584,38.40993091121878,100,1,1
62400,4,ISS,None,-0.46031481729687584,38.40993091121878,100,1,1
62460,4,ISS,None,-0.46031481729687584,38.40993091121878,100,1,1
62520,4,ISS,None,-0.46031481729687584,38.40993091121878,100,1,1
62580,4,ISS,None,-0.46031481729687584,38.40993091121878,100,1,1
62640,4,ISS,None,-0.46031481729687584,38.40993091121878,100,1,1
62700,4,ISS,None,-0.46031481729687584,38.40993091121878,100,1,1
62760,4,ISS,None,-0.46031481729687584,38.40993091121878,100,1,1
62820,4,ISS,None,-0.46031481729687584,38.40993091121878,100,1,1
62880,4,ISS,None,-0.46031481729687584,38.40993091121878,100,1,1
62940,4,ISS,None,-0.46031481729687584,38.40993091121878,100,1,1
63000,4,ISS,None,-0.46031481729687584,38.40993091121878,100,1,1
63060,4,ISS,None,-0.46031481729687584,38.40993091121878,100,1,1
63120,4,ISS,None,-0.46031481729687584,38.40993091121878,100,1,1
63180,4,ISS,None,-0.46031481729687584,38.40993091121878,100,1,1
63240,4,ISS,None,-0.46031481729687584,38.40993091121878,100,1,1
63300,4,ISS,None,-0.46031481729687584,38.40993091121878,100,1,1
63360,4,ISS,None,-0.46031481729687584,38.40993091121878,100,1,1
63420,4,ISS,None,-0.46031481729687584,38.40993091121878,100,1,1
63480,4,ISS,None,-0.46031481729687584,38.40993091121878,100,1,1
63540,4,ISS,None,-0.46031481729687584,38.40993091121878,100,1,1
63600,4,ISS,None,-0.46031481729687584,38.40993091121878,100,1,1
63660,4,ISS,None,-0.46031481729687584,38.40993091121878,100,1,1
63720,4,ISS,None,-0.46031481729687584,38.40993091121878,100,1,1
63780,4,ISS,None,-0.46031481729687584,38.40993091121878,100,1,1
63840,4,ISS,None,-0.46031481729687584,38.40993091121878,100,1,1
63900,4,ISS,None,-0.46031481729687584,38.40993091121878,100,1,1
63960,4,ISS,None,-0.46031481729687584,38.40993091121878,100,1,1
64020,4,ISS,None,-0.46031481729687584,38.40993091121878,100,1,1
64080,4,ISS,None,-0.46031481729687584,38.40993091121878,100,1,1
64140,4,ISS,None,-0.46031481729687584,38.40993091121878,100,1,1
64200,4,ISS,None,-0.46031481729687584,38.40993091121878,100,1,1
64260,4,ISS,None,-0.46031481729687584,38.40993091121878,100,1,1
64320,4,ISS,None,-0.46031481729687584,38.40993091121878,100,1,1
64380,4,ISS,None,-0.46031481729687584,38.40993091121878,100,1,1
64440,4,ISS,None,-0.46031481729687584,38.40993091121878,100,1,1
64500,4,ISS,None,-0.46031481729687584,38.40993091121878,100,1,1
64560,4,ISS,None,-0.46031481729687584,38.40993091121878,100,1,1
64620,4,ISS,None,-0.46031481729687584,38.40993091121878,100,1,1
64680,4,ISS,None,-0.46031481729687584,38.40993091121878,100,1,1
64740,4,ISS,None,-0.46031481729687584,38.40993091121878,100,1,1
64800,4,ISS,None,-0.46031481729687584,38.40993091121878,100,1,1
64860,4,ISS,None,-0.46031481729687584,38.40993091121878,100,1,1
64920,4,ISS,None,-0.46031481729687584,38.40993091121878,100,1,1
64980,4,ISS,None,-0.46031481729687584,38.40993091121878,100,1,1
65040,4,ISS,None,-0.46031481729687584,38.40993091121878,100,1,1
65100,4,ISS,None,-0.46031481729687584,38.40993091121878,100,1,1
65160,4,ISS,None,-0.46031481729687584,38.40993091121878,100,1,1
65220,4,ISS,None,-0.46031481729687584,38.40993091121878,100,1,1
65280,4,ISS,None,-0.46031481729687584,38.40993091121878,100,1,1
65340,4,ISS,None,-0.46031481729687584,38.40993091121878,100,1,1
65400,4,ISS,None,-0.46031481729687584,38.40993091121878,100,1,1
65460,4,ISS,None,-0.46031481729687584,38.40993091121878,100,1,1
65520,4,ISS,None,-0.46031481729687584,38.40993091121878,100,1,1
65580,4,ISS,None,-0.46031481729687584,38.40993091121878,100,1,1
65640,4,ISS,None,-0.46031481729687584,38.40993091121878,100,1,1
65700,4,ISS,None,-0.46031481729687584,38.40993091121878,100,1,1
65760,4,ISS,None,-0.46031481729687584,38.40993091121878,100,1,1
65820,4,ISS,None,-0.46031481729687584,38.40993091121878,100,1,1
65880,4,ISS,None,-0.46031481729687584,38.40993091121878,100,1,1
65940,4,ISS,None,-0.46031481729687584,38.40993091121878,100,1,1
66000,4,ISS,None,-0.46031481729687584,38.40993091121878,100,1,1
66060,4,ISS,None,-0.46031481729687584,38.40993091121878,100,1,1
66120,4,ISS,None,-0.46031481729687584,38.40993091121878,100,1,1
66180,4,ISS,None,-0.46031481729687584,38.40993091121878,100,1,1
66240,4,ISS,None,-0.46031481729687584,38.40993091121878,100,1,1
66300,4,ISS,None,-0.46031481729687584,38.40993091121878,100,1,1
66360,4,ISS,None,-0.46031481729687584,38.40993091121878,100,1,1
66420,4,ISS,None,-0.46031481729687584,38.40993091121878,100,1,1
66480,4,ISS,None,-0.46031481729687584,38.40993091121878,100,1,1
66540,4,ISS,None,-0.46031481729687584,38.40993091121878,100,1,1
66600,4,ISS,None,-0.46031481729687584,38.40993091121878,100,1,1
66660,4,ISS,None,-0.46031481729687584,38.40993091121878,100,1,1
66720,4,ISS,None,-0.46031481729687584,38.40993091121878,100,1,1
66780,4,ISS,None,-0.46031481729687584,38.40993091121878,100,1,1
66840,4,ISS,None,-0.46031481729687584,38.40993091121878,100,1,1
66900,4,ISS,None,-0.46031481729687584,38.40993091121878,100,1,1
66960,4,ISS,None,-0.46031481729687584,38.40993091121878,100,1,1
67020,4,ISS,None,-0.46031481729687584,38.40993091121878,100,1,1
67080,4,ISS,None,-0.46031481729687584,38.40993091121878,100,1,1
67140,4,ISS,None,-0.46031481729687584,38.40993091121878,100,1,1
67200,4,ISS,None,-0.46031481729687584,38.40993091121878,100,1,1
67260,4,ISS,None,-0.46031481729687584,38.40993091121878,100,1,1
67320,4,ISS,None,-0.46031481729687584,38.40993091121878,100,1,1
67380,4,ISS,None,-0.46031481729687584,38.40993091121878,100,1,1
67440,4,ISS,None,-0.46031481729687584,38.40993091121878,100,1,1
67500,4,ISS,None,-0.46031481729687584,38.40993091121878,100,1,1
67560,4,ISS,None,-0.46031481729687584,38.40993091121878,100,1,1
67620,4,ISS,None,-0.46031481729687584,38.40993091121878,100,1,1
67680,4,ISS,None,-0.46031481729687584,38.40993091121878,100,1,1
67740,4,ISS,None,-0.46031481729687584,38.40993091121878,100,1,1
67800,4,ISS,None,-0.46031481729687584,38.40993091121878,100,1,1
67860,4,ISS,None,-0.46031481729687584,38.40993091121878,100,1,1
67920,4,ISS,None,-0.46031481729687584,38.40993091121878,100,1,1
67980,4,ISS,None,-0.46031481729687584,38.40993091121878,100,1,1
68040,4,ISS,None,-0.46031481729687584,38.40993091121878,100,1,1
68100,4,ISS,None,-0.46031481729687584,38.40993091121878,100,1,1
68160,4,ISS,None,-0.46031481729687584,38.40993091121878,100,1,1
68220,4,ISS,None,-0.46031481729687584,38.40993091121878,100,1,1
68280,4,ISS,None,-0.46031481729687584,38.40993091121878,100,1,1
68340,4,ISS,None,-0.46031481729687584,38.40993091121878,100,1,1
68400,4,ISS,None,-0.46031481729687584,38.40993091121878,100,1,1
68460,4,ISS,None,-0.46031481729687584,38.40993091121878,100,1,1
68520,4,ISS,None,-0.46031481729687584,38.40993091121878,100,1,1
68580,4,ISS,None,-0.46031481729687584,38.40993091121878,100,1,1
68640,4,ISS,None,-0.46031481729687584,38.40993091121878,100,1,1
68700,4,ISS,None,-0.46031481729687584,38.40993091121878,100,1,1
68760,4,ISS,None,-0.46031481729687584,38.40993091121878,100,1,1
68820,4,ISS,None,-0.46031481729687584,38.40993091121878,100,1,1
68880,4,ISS,None,-0.46031481729687584,38.40993091121878,100,1,1
68940,4,ISS,None,-0.46031481729687584,38.40993091121878,100,1,1
69000,4,ISS,None,-0.46031481729687584,38.40993091121878,100,1,1
69060,4,ISS,None,-0.46031481729687584,38.40993091121878,100,1,1
69120,4,ISS,None,-0.46031481729687584,38.40993091121878,100,1,1
69180,4,ISS,None,-0.46031481729687584,38.40993091121878,100,1,1
69240,4,ISS,None,-0.46031481729687584,38.40993091121878,100,1,1
69300,4,ISS,None,-0.46031481729687584,38.40993091121878,100,1,1
69360,4,ISS,None,-0.46031481729687584,38.40993091121878,100,1,1
69420,4,ISS,None,-0.46031481729687584,38.40993091121878,100,1,1
69480,4,ISS,None,-0.46031481729687584,38.40993091121878,100,1,1
69540,4,ISS,None,-0.46031481729687584,38.40993091121878,100,1,1
69600,4,ISS,None,-0.46031481729687584,38.40993091121878,100,1,1
69660,4,ISS,None,-0.46031481729687584,38.40993091121878,100,1,1
69720,4,ISS,None,-0.46031481729687584,38.40993091121878,100,1,1
69780,4,ISS,None,-0.46031481729687584,38.40993091121878,100,1,1
69840,4,ISS,None,-0.46031481729687584,38.40993091121878,100,1,1
69900,4,ISS,None,-0.46031481729687584,38.40993091121878,100,1,1
69960,4,ISS,None,-0.46031481729687584,38.40993091121878,100,1,1
70020,4,ISS,None,-0.46031481729687584,38.40993091121878,100,1,1
70080,4,ISS,None,-0.46031481729687584,38.40993091121878,100,1,1
70140,4,ISS,None,-0.46031481729687584,38.40993091121878,100,1,1
70200,4,ISS,None,-0.46031481729687584,38.40993091121878,100,1,1
70260,4,ISS,None,-0.46031481729687584,38.40993091121878,100,1,1
70320,4,ISS,None,-0.46031481729687584,38.40993091121878,100,1,1
70380,4,ISS,None,-0.46031481729687584,38.40993091121878,100,1,1
70440,4,ISS,None,-0.46031481729687584,38.40993091121878,100,1,1
70500,4,ISS,None,-0.46031481729687584,38.40993091121878,100,1,1
70560,4,ISS,None,-0.46031481729687584,38.40993091121878,100,1,1
70620,4,ISS,None,-0.46031481729687584,38.40993091121878,100,1,1
70680,4,ISS,None,-0.46031481729687584,38.40993091121878,100,1,1
70740,4,ISS,None,-0.46031481729687584,38.40993091121878,100,1,1
70800,4,ISS,None,-0.46031481729687584,38.40993091121878,100,1,1
70860,4,ISS,None,-0.46031481729687584,38.40993091121878,100,1,1
70920,4,ISS,None,-0.46031481729687584,38.40993091121878,100,1,1
70980,4,ISS,None,-0.46031481729687584,38.40993091121878,100,1,1
71040,4,ISS,None,-0.46031481729687584,38.40993091121878,100,1,1
71100,4,ISS,None,-0.46031481729687584,38.40993091121878,100,1,1
71160,4,ISS,None,-0.46031481729687584,38.40993091121878,100,1,1
71220,4,ISS,None,-0.46031481729687584,38.40993091121878,100,1,1
71280,4,ISS,None,-0.46031481729687584,38.40993091121878,100,1,1
71340,4,ISS,None,-0.46031481729687584,38.40993091121878,100,1,1
71400,4,ISS,None,-0.46031481729687584,38.40993091121878,100,1,1
71460,4,ISS,None,-0.46031481729687584,38.40993091121878,100,1,1
71520,4,ISS,None,-0.46031481729687584,38.40993091121878,100,1,1
71580,4,ISS,None,-0.46031481729687584,38.40993091121878,100,1,1
71640,4,ISS,None,-0.46031481729687584,38.40993091121878,100,1,1
71700,4,ISS,None,-0.46031481729687584,38.40993091121878,100,1,1
71760,4,ISS,None,-0.46031481729687584,38.40993091121878,100,1,1
71820,4,ISS,None,-0.46031481729687584,38.40993091121878,100,1,1
71880,4,ISS,None,-0.46031481729687584,38.40993091121878,100,1,1
71940,4,ISS,None,-0.46031481729687584,38.40993091121878,100,1,1
72000,4,ISS,None,-0.46031481729687584,38.40993091121878,100,1,1
72060,4,ISS,None,-0.46031481729687584,38.40993091121878,100,1,1
72120,4,ISS,None,-0.46031481729687584,38.40993091121878,100,1,1
72180,4,ISS,None,-0.46031481729687584,38.40993091121878,100,1,1
72240,4,ISS,None,-0.46031481729687584,38.40993091121878,100,1,1
72300,4,ISS,None,-0.46031481729687584,38.40993091121878,100,1,1
72360,4,ISS,None,-0.46031481729687584,38.40993091121878,100,1,1
72420,4,ISS,None,-0.46031481729687584,38.40993091121878,100,1,1
72480,4,ISS,None,-0.46031481729687584,38.40993091121878,100,1,1
72540,4,ISS,None,-0.46031481729687584,38.40993091121878,100,1,1
72600,4,ISS,None,-0.46031481729687584,38.40993091121878,100,1,1
72660,4,ISS,None,-0.46031481729687584,38.40993091121878,100,1,1
72720,4,ISS,None,-0.46031481729687584,38.40993091121878,100,1,1
72780,4,ISS,None,-0.46031481729687584,38.40993091121878,100,1,1
72840,4,ISS,None,-0.46031481729687584,38.40993091121878,100,1,1
72900,4,ISS,None,-0.46031481729687584,38.40993091121878,100,1,1
72960,4,ISS,None,-0.46031481729687584,38.40993091121878,100,1,1
73020,4,ISS,None,-0.46031481729687584,38.40993091121878,100,1,1
73080,4,ISS,None,-0.46031481729687584,38.40993091121878,100,1,1
73140,4,ISS,None,-0.46031481729687584,38.40993091121878,100,1,1
73200,4,ISS,None,-0.46031481729687584,38.40993091121878,100,1,1
73260,4,ISS,None,-0.46031481729687584,38.40993091121878,100,1,1
73320,4,ISS,None,-0.46031481729687584,38.40993091121878,100,1,1
73380,4,ISS,None,-0.46031481729687584,38.40993091121878,100,1,1
73440,4,ISS,None,-0.46031481729687584,38.40993091121878,100,1,1
73500,4,ISS,None,-0.46031481729687584,38.40993091121878,100,1,1
73560,4,ISS,None,-0.46031481729687584,38.40993091121878,100,1,1
73620,4,ISS,None,-0.46031481729687584,38.40993091121878,100,1,1
73680,4,ISS,None,-0.46031481729687584,38.40993091121878,100,1,1
73740,4,ISS,None,-0.46031481729687584,38.40993091121878,100,1,1
73800,4,ISS,None,-0.46031481729687584,38.40993091121878,100,1,1
73860,4,ISS,None,-0.46031481729687584,38.40993091121878,100,1,1
73920,4,ISS,None,-0.46031481729687584,38.40993091121878,100,1,1
73980,4,ISS,None,-0.46031481729687584,38.40993091121878,100,1,1
74040,4,ISS,None,-0.46031481729687584,38.40993091121878,100,1,1
74100,4,ISS,None,-0.46031481729687584,38.40993091121878,100,1,1
74160,4,ISS,None,-0.46031481729687584,38.40993091121878,100,1,1
74220,4,ISS,None,-0.46031481729687584,38.40993091121878,100,1,1
74280,4,ISS,None,-0.46031481729687584,38.40993091121878,100,1,1
74340,4,ISS,None,-0.46031481729687584,38.40993091121878,100,1,1
74400,4,ISS,None,-0.46031481729687584,38.40993091121878,100,1,1
74460,4,ISS,None,-0.46031481729687584,38.40993091121878,100,1,1
74520,4,ISS,None,-0.46031481729687584,38.40993091121878,100,1,1
74580,4,ISS,None,-0.46031481729687584,38.40993091121878,100,1,1
74640,4,ISS,None,-0.46031481729687584,38.40993091121878,100,1,1
74700,4,ISS,None,-0.46031481729687584,38.40993091121878,100,1,1
74760,4,ISS,None,-0.46031481729687584,38.40993091121878,100,1,1
74820,4,ISS,None,-0.46031481729687584,38.40993091121878,100,1,1
74880,4,ISS,None,-0.46031481729687584,38.40993091121878,100,1,1
74940,4,ISS,None,-0.46031481729687584,38.40993091121878,100,1,1
75000,4,ISS,None,-0.46031481729687584,38.40993091121878,100,1,1
75060,4,ISS,None,-0.46031481729687584,38.40993091121878,100,1,1
75120,4,ISS,None,-0.46031481729687584,38.40993091121878,100,1,1
75180,4,ISS,None,-0.46031481729687584,38.40993091121878,100,1,1
75240,4,ISS,None,-0.46031481729687584,38.40993091121878,100,1,1
75300,4,ISS,None,-0.46031481729687584,38.40993091121878,100,1,1
75360,4,ISS,None,-0.46031481729687584,38.40993091121878,100,1,1
75420,4,ISS,None,-0.46031481729687584,38.40993091121878,100,1,1
75480,4,ISS,None,-0.46031481729687584,38.40993091121878,100,1,1
75540,4,ISS,None,-0.46031481729687584,38.40993091121878,100,1,1
75600,4,ISS,None,-0.46031481729687584,38.40993091121878,100,1,1
75660,4,ISS,None,-0.46031481729687584,38.40993091121878,100,1,1
75720,4,ISS,None,-0.46031481729687584,38.40993091121878,100,1,1
75780,4,ISS,None,-0.46031481729687584,38.40993091121878,100,1,1
75840,4,ISS,None,-0.46031481729687584,38.40993091121878,100,1,1
75900,4,ISS,None,-0.46031481729687584,38.40993091121878,100,1,1
75960,4,ISS,None,-0.46031481729687584,38.40993091121878,100,1,1
76020,4,ISS,None,-0.46031481729687584,38.40993091121878,100,1,1
76080,4,ISS,None,-0.46031481729687584,38.40993091121878,100,1,1
76140,4,ISS,None,-0.46031481729687584,38.40993091121878,100,1,1
76200,4,ISS,None,-0.46031481729687584,38.40993091121878,100,1,1
76260,4,ISS,None,-0.46031481729687584,38.40993091121878,100,1,1
76320,4,ISS,None,-0.46031481729687584,38.40993091121878,100,1,1
76380,4,ISS,None,-0.46031481729687584,38.40993091121878,100,1,1
76440,4,ISS,None,-0.46031481729687584,38.40993091121878,100,1,1
76500,4,ISS,None,-0.46031481729687584,38.40993091121878,100,1,1
76560,4,ISS,None,-0.46031481729687584,38.40993091121878,100,1,1
76620,4,ISS,None,-0.46031481729687584,38.40993091121878,100,1,1
76680,4,ISS,None,-0.46031481729687584,38.40993091121878,100,1,1
76740,4,ISS,None,-0.46031481729687584,38.40993091121878,100,1,1
76800,4,ISS,None,-0.46031481729687584,38.40993091121878,100,1,1
76860,4,ISS,None,-0.46031481729687584,38.40993091121878,100,1,1
76920,4,ISS,None,-0.46031481729687584,38.40993091121878,100,1,1
76980,4,ISS,None,-0.46031481729687584,38.40993091121878,100,1,1
77040,4,ISS,None,-0.46031481729687584,38.40993091121878,100,1,1
77100,4,ISS,None,-0.46031481729687584,38.40993091121878,100,1,1
77160,4,ISS,None,-0.46031481729687584,38.40993091121878,100,1,1
77220,4,ISS,None,-0.46031481729687584,38.40993091121878,100,1,1
77280,4,ISS,None,-0.46031481729687584,38.40993091121878,100,1,1
77340,4,ISS,None,-0.46031481729687584,38.40993091121878,100,1,1
77400,4,ISS,None,-0.46031481729687584,38.40993091121878,100,1,1
77460,4,ISS,None,-0.46031481729687584,38.40993091121878,100,1,1
77520,4,ISS,None,-0.46031481729687584,38.40993091121878,100,1,1
77580,4,ISS,None,-0.46031481729687584,38.40993091121878,100,1,1
77640,4,ISS,None,-0.46031481729687584,38.40993091121878,100,1,1
77700,4,ISS,None,-0.46031481729687584,38.40993091121878,100,1,1
77760,4,ISS,None,-0.46031481729687584,38.40993091121878,100,1,1
77820,4,ISS,None,-0.46031481729687584,38.40993091121878,100,1,1
77880,4,ISS,None,-0.46031481729687584,38.40993091121878,100,1,1
77940,4,ISS,None,-0.46031481729687584,38.40993091121878,100,1,1
78000,4,ISS,None,-0.46031481729687584,38.40993091121878,100,1,1
78060,4,ISS,None,-0.46031481729687584,38.40993091121878,100,1,1
78120,4,ISS,None,-0.46031481729687584,38.40993091121878,100,1,1
78180,4,ISS,None,-0.46031481729687584,38.40993091121878,100,1,1
78240,4,ISS,None,-0.46031481729687584,38.40993091121878,100,1,1
78300,4,ISS,None,-0.46031481729687584,38.40993091121878,100,1,1
78360,4,ISS,None,-0.46031481729687584,38.40993091121878,100,1,1
78420,4,ISS,None,-0.46031481729687584,38.40993091121878,100,1,1
78480,4,ISS,None,-0.46031481729687584,38.40993091121878,100,1,1
78540,4,ISS,None,-0.46031481729687584,38.40993091121878,100,1,1
78600,4,ISS,None,-0.46031481729687584,38.40993091121878,100,1,1
78660,4,ISS,None,-0.46031481729687584,38.40993091121878,100,1,1
78720,4,ISS,None,-0.46031481729687584,38.40993091121878,100,1,1
78780,4,ISS,None,-0.46031481729687584,38.40993091121878,100,1,1
78840,4,ISS,None,-0.46031481729687584,38.40993091121878,100,1,1
78900,4,ISS,None,-0.46031481729687584,38.40993091121878,100,1,1
78960,4,ISS,None,-0.46031481729687584,38.40993091121878,100,1,1
79020,4,ISS,None,-0.46031481729687584,38.40993091121878,100,1,1
79080,4,ISS,None,-0.46031481729687584,38.40993091121878,100,1,1
79140,4,ISS,None,-0.46031481729687584,38.40993091121878,100,1,1
79200,4,ISS,None,-0.46031481729687584,38.40993091121878,100,1,1
79260,4,ISS,None,-0.46031481729687584,38.40993091121878,100,1,1
79320,4,ISS,None,-0.46031481729687584,38.40993091121878,100,1,1
79380,4,ISS,None,-0.46031481729687584,38.40993091121878,100,1,1
79440,4,ISS,None,-0.46031481729687584,38.40993091121878,100,1,1
79500,4,ISS,None,-0.46031481729687584,38.40993091121878,100,1,1
79560,4,ISS,None,-0.46031481729687584,38.40993091121878,100,1,1
79620,4,ISS,None,-0.46031481729687584,38.40993091121878,100,1,1
79680,4,ISS,None,-0.46031481729687584,38.40993091121878,100,1,1
79740,4,ISS,None,-0.46031481729687584,38.40993091121878,100,1,1
79800,4,ISS,None,-0.46031481729687584,38.40993091121878,100,1,1
79860,4,ISS,None,-0.46031481729687584,38.40993091121878,100,1,1
79920,4,ISS,None,-0.46031481729687584,38.40993091121878,100,1,1
79980,4,ISS,None,-0.46031481729687584,38.40993091121878,100,1,1
80040,4,ISS,None,-0.46031481729687584,38.40993091121878,100,1,1
80100,4,ISS,None,-0.46031481729687584,38.40993091121878,100,1,1
80160,4,ISS,None,-0.46031481729687584,38.40993091121878,100,1,1
80220,4,ISS,None,-0.46031481729687584,38.40993091121878,100,1,1
80280,4,ISS,None,-0.46031481729687584,38.40993091121878,100,1,1
80340,4,ISS,None,-0.46031481729687584,38.40993091121878,100,1,1
80400,4,ISS,None,-0.46031481729687584,38.40993091121878,100,1,1
80460,4,ISS,None,-0.46031481729687584,38.40993091121878,100,1,1
80520,4,ISS,None,-0.46031481729687584,38.40993091121878,100,1,1
80580,4,ISS,None,-0.46031481729687584,38.40993091121878,100,1,1
80640,4,ISS,None,-0.46031481729687584,38.40993091121878,100,1,1
80700,4,ISS,None,-0.46031481729687584,38.40993091121878,100,1,1
80760,4,ISS,None,-0.46031481729687584,38.40993091121878,100,1,1
80820,4,ISS,None,-0.46031481729687584,38.40993091121878,100,1,1
80880,4,ISS,None,-0.46031481729687584,38.40993091121878,100,1,1
80940,4,ISS,None,-0.46031481729687584,38.40993091121878,100,1,1
81000,4,ISS,None,-0.46031481729687584,38.40993091121878,100,1,1
81060,4,ISS,None,-0.46031481729687584,38.40993091121878,100,1,1
81120,4,ISS,None,-0.46031481729687584,38.40993091121878,100,1,1
81180,4,ISS,None,-0.46031481729687584,38.40993091121878,100,1,1
81240,4,ISS,None,-0.46031481729687584,38.40993091121878,100,1,1
81300,4,ISS,None,-0.46031481729687584,38.40993091121878,100,1,1
81360,4,ISS,None,-0.46031481729687584,38.40993091121878,100,1,1
81420,4,ISS,None,-0.46031481729687584,38.40993091121878,100,1,1
81480,4,ISS,None,-0.46031481729687584,38.40993091121878,100,1,1
81540,4,ISS,None,-0.46031481729687584,38.40993091121878,100,1,1
81600,4,ISS,None,-0.46031481729687584,38.40993091121878,100,1,1
81660,4,ISS,None,-0.46031481729687584,38.40993091121878,100,1,1
81720,4,ISS,None,-0.46031481729687584,38.40993091121878,100,1,1
81780,4,ISS,None,-0.46031481729687584,38.40993091121878,100,1,1
81840,4,ISS,None,-0.46031481729687584,38.40993091121878,100,1,1
81900,4,ISS,None,-0.46031481729687584,38.40993091121878,100,1,1
81960,4,ISS,None,-0.46031481729687584,38.40993091121878,100,1,1
82020,4,ISS,None,-0.46031481729687584,38.40993091121878,100,1,1
82080,4,ISS,None,-0.46031481729687584,38.40993091121878,100,1,1
82140,4,ISS,None,-0.46031481729687584,38.40993091121878,100,1,1
82200,4,ISS,None,-0.46031481729687584,38.40993091121878,100,1,1
82260,4,ISS,None,-0.46031481729687584,38.40993091121878,100,1,1
82320,4,ISS,None,-0.46031481729687584,38.40993091121878,100,1,1
82380,4,ISS,None,-0.46031481729687584,38.40993091121878,100,1,1
82440,4,ISS,None,-0.46031481729687584,38.40993091121878,100,1,1
82500,4,ISS,None,-0.46031481729687584,38.40993091121878,100,1,1
82560,4,ISS,None,-0.46031481729687584,38.40993091121878,100,1,1
82620,4,ISS,None,-0.46031481729687584,38.40993091121878,100,1,1
82680,4,ISS,None,-0.46031481729687584,38.40993091121878,100,1,1
82740,4,ISS,None,-0.46031481729687584,38.40993091121878,100,1,1
82800,4,ISS,None,-0.46031481729687584,38.40993091121878,100,1,1
82860,4,ISS,None,-0.46031481729687584,38.40993091121878,100,1,1
82920,4,ISS,None,-0.46031481729687584,38.40993091121878,100,1,1
82980,4,ISS,None,-0.46031481729687584,38.40993091121878,100,1,1
83040,4,ISS,None,-0.46031481729687584,38.40993091121878,100,1,1
83100,4,ISS,None,-0.46031481729687584,38.40993091121878,100,1,1
83160,4,ISS,None,-0.46031481729687584,38.40993091121878,100,1,1
83220,4,ISS,None,-0.46031481729687584,38.40993091121878,100,1,1
83280,4,ISS,None,-0.46031481729687584,38.40993091121878,100,1,1
83340,4,ISS,None,-0.46031481729687584,38.40993091121878,100,1,1
83400,4,ISS,None,-0.46031481729687584,38.40993091121878,100,1,1
83460,4,ISS,None,-0.46031481729687584,38.40993091121878,100,1,1
83520,4,ISS,None,-0.46031481729687584,38.40993091121878,100,1,1
83580,4,ISS,None,-0.46031481729687584,38.40993091121878,100,1,1
83640,4,ISS,None,-0.46031481729687584,38.40993091121878,100,1,1
83700,4,ISS,None,-0.46031481729687584,38.40993091121878,100,1,1
83760,4,ISS,None,-0.46031481729687584,38.40993091121878,100,1,1
83820,4,ISS,None,-0.46031481729687584,38.40993091121878,100,1,1
83880,4,ISS,None,-0.46031481729687584,38.40993091121878,100,1,1
83940,4,ISS,None,-0.46031481729687584,38.40993091121878,100,1,1
84000,4,ISS,None,-0.46031481729687584,38.40993091121878,100,1,1
84060,4,ISS,None,-0.46031481729687584,38.40993091121878,100,1,1
84120,4,ISS,None,-0.46031481729687584,38.40993091121878,100,1,1
84180,4,ISS,None,-0.46031481729687584,38.40993091121878,100,1,1
84240,4,ISS,None,-0.46031481729687584,38.40993091121878,100,1,1
84300,4,ISS,None,-0.46031481729687584,38.40993091121878,100,1,1
84360,4,ISS,None,-0.46031481729687584,38.40993091121878,100,1,1
84420,4,ISS,None,-0.46031481729687584,38.40993091121878,100,1,1
84480,4,ISS,None,-0.46031481729687584,38.40993091121878,100,1,1
84540,4,ISS,None,-0.46031481729687584,38.40993091121878,100,1,1
84600,4,ISS,None,-0.46031481729687584,38.40993091121878,100,1,1
84660,4,ISS,None,-0.46031481729687584,38.40993091121878,100,1,1
84720,4,ISS,None,-0.46031481729687584,38.40993091121878,100,1,1
84780,4,ISS,None,-0.46031481729687584,38.40993091121878,100,1,1
84840,4,ISS,None,-0.46031481729687584,38.40993091121878,100,1,1
84900,4,ISS,None,-0.46031481729687584,38.40993091121878,100,1,1
84960,4,ISS,None,-0.46031481729687584,38.40993091121878,100,1,1
85020,4,ISS,None,-0.46031481729687584,38.40993091121878,100,1,1
85080,4,ISS,None,-0.46031481729687584,38.40993091121878,100,1,1
85140,4,ISS,None,-0.46031481729687584,38.40993091121878,100,1,1
85200,4,ISS,None,-0.46031481729687584,38.40993091121878,100,1,1
85260,4,ISS,None,-0.46031481729687584,38.40993091121878,100,1,1
85320,4,ISS,None,-0.46031481729687584,38.40993091121878,100,1,1
85380,4,ISS,None,-0.46031481729687584,38.40993091121878,100,1,1
85440,4,ISS,None,-0.46031481729687584,38.40993091121878,100,1,1
85500,4,ISS,None,-0.46031481729687584,38.40993091121878,100,1,1
85560,4,ISS,None,-0.46031481729687584,38.40993091121878,100,1,1
85620,4,ISS,None,-0.46031481729687584,38.40993091121878,100,1,1
85680,4,ISS,None,-0.46031481729687584,38.40993091121878,100,1,1
85740,4,ISS,None,-0.46031481729687584,38.40993091121878,100,1,1
85800,4,ISS,None,-0.46031481729687584,38.40993091121878,100,1,1
85860,4,ISS,None,-0.46031481729687584,38.40993091121878,100,1,1
85920,4,ISS,None,-0.46031481729687584,38.40993091121878,100,1,1
85980,4,ISS,None,-0.46031481729687584,38.40993091121878,100,1,1
86040,4,ISS,None,-0.46031481729687584,38.40993091121878,100,1,1
86100,4,ISS,None,-0.46031481729687584,38.40993091121878,100,1,1
86160,4,ISS,None,-0.46031481729687584,38.40993091121878,100,1,1
86220,4,ISS,None,-0.46031481729687584,38.40993091121878,100,1,1
86280,4,ISS,None,-0.46031481729687584,38.40993091121878,100,1,1
86340,4,ISS,None,-0.46031481729687584,38.40993091121878,100,1,1
