Time,x,y,resources,capacity,ports_filled,buy_prem,sell_prem
0,6699.999999691921,0.0,1000.0,1000.0,1,0.8,0.8
60,6684.023265942199,462.4207783124813,1000.0,1000.0,1,0.8,0.8
120,6636.169260520293,922.6361913545815,940.6944444444445,1000.0,0,0.8,0.8
180,6556.666207516807,1378.4513916271865,941.3888888888889,1000.0,0,0.8,0.8
240,6445.893270845227,1827.6925170126356,942.0833333333334,1000.0,0,0.8,0.8
300,6304.378745943152,2268.217058301961,942.7777777777778,1000.0,0,0.8,0.8
360,6132.797540239295,2697.9240771946497,943.4722222222223,1000.0,0,0.8,0.8
420,5931.967954402346,3114.764226039492,944.1666666666667,1000.0,0,0.8,0.8
480,5702.847779722493,3516.7495215306376,944.8611111111112,1000.0,0,0.8,0.8
540,5446.529730237862,3901.9628257464,945.5555555555557,1000.0,0,0.8,0.8
600,5164.236231390856,4268.566989314063,946.2500000000001,1000.0,0,0.8,0.8
660,4857.313590068209,4614.813613095378,946.9444444444446,1000.0,0,0.8,0.8
720,4527.225573828849,4939.051386606724,947.638888888889,1000.0,0,0.8,0.8
780,4175.546429941331,5239.733963406535,948.3333333333335,1000.0,0,0.8,0.8
840,3803.95337752431,5515.4273358909495,949.0277777777779,1000.0,0,0.8,0.8
900,3414.2186085962862,5764.816674325956,949.7222222222224,1000.0,0,0.8,0.8
960,3008.2008361830685,5986.7125974995015,950.4166666666669,1000.0,0,0.8,0.8
1020,2587.8364297914636,6180.056845087747,951.1111111111113,1000.0,0,0.8,0.8
1080,2155.130180525677,6343.92732468296,951.8055555555558,1000.0,0,0.8,0.8
1140,1712.145739889195,6477.542509412889,952.5000000000002,1000.0,0,0.8,0.8
1200,1260.995777871163,6580.265165178592,953.1944444444447,1000.0,0,0.8,0.8
1260,803.8319072550721,6651.605389734904,953.8888888888891,1000.0,0,0.8,0.8
1320,342.83442220246303,6691.222949119603,954.5833333333336,1000.0,0,0.8,0.8
1380,-119.7980999498522,6698.928900288475,955.277777777778,1000.0,0,0.8,0.8
1440,-581.8592840882244,6674.6864922176,955.9722222222225,1000.0,0,0.8,0.8
1500,-1041.1454799095507,6618.611341175403,956.666666666667,1000.0,0,0.8,0.8
1560,-1495.4662715135646,6530.970879328514,957.3611111111114,1000.0,0,0.8,0.8
1620,-1942.6549238779455,6412.183079311174,958.0555555555559,1000.0,0,0.8,0.8
1680,-2380.5787163952155,6262.814460840897,958.7500000000003,1000.0,0,0.8,0.8
1740,-2807.149114188952,6083.577388887226,959.4444444444448,1000.0,0,0.8,0.8
1800,-3220.3317287005293,5875.326676279066,960.1388888888893,1000.0,0,0.8,0.8
1860,-3618.1560200426748,5639.055506953332,960.8333333333337,1000.0,0,0.8,0.8
1920,-3998.7246948475577,5375.890699287705,961.5277777777782,1000.0,0,0.8,0.8
1980,-4360.222754789468,5087.0873321074305,962.2222222222226,1000.0,0,0.8,0.8
2040,-4700.926152628111,4774.02275899569,962.9166666666671,1000.0,0,0.8,0.8
2100,-5019.210014490302,4438.1900394543745,963.6111111111115,1000.0,0,0.8,0.8
2160,-5313.556389176637,4081.190818243112,964.305555555556,1000.0,0,0.8,0.8
2220,-5582.561487535233,3704.72768685637,965.0000000000005,1000.0,0,0.8,0.8
2280,-5824.942377376843,3310.5960635678825,965.6944444444449,1000.0,0,0.8,0.8
2340,-6039.543102002005,2900.6756307680685,966.3888888888894,1000.0,0,0.8,0.8
2400,-6225.340193159977,2476.921370431176,967.0833333333338,1000.0,0,0.8,0.8
2460,-6381.44755214716,2041.354240465569,967.7777777777783,1000.0,0,0.8,0.8
2520,-6507.120675766238,1596.0515364133073,968.4722222222227,1000.0,0,0.8,0.8
2580,-6601.760206991642,1143.1369844657374,969.1666666666672,1000.0,0,0.8,0.8
2640,-6664.914793407652,684.7706130432124,969.8611111111117,1000.0,0,0.8,0.8
2700,-6696.2832397867205,223.13845124315358,970.5555555555561,1000.0,0,0.8,0.8
2760,-6695.715944541997,-239.5578967136161,971.2500000000006,1000.0,0,0.8,0.8
2820,-6663.215613203348,-701.1117513170744,971.944444444445,1000.0,0,0.8,0.8
2880,-6598.937245514242,-1159.3218818070611,972.6388888888895,1000.0,0,0.8,0.8
2940,-6503.187396210939,-1612.0030042263975,973.3333333333339,1000.0,0,0.8,0.8
3000,-6376.422713009554,-2056.996203420811,974.0277777777784,1000.0,0,0.8,0.8
3060,-6219.247758773504,-2492.179229281573,974.7222222222229,1000.0,0,0.8,0.8
3120,-6032.412128247887,-2915.476618126023,975.4166666666673,1000.0,0,0.8,0.8
3180,-5816.8068731115145,-3324.8695909455455,976.1111111111118,1000.0,0,0.8,0.8
3240,-5573.460252396174,-3718.405681314471,976.8055555555562,1000.0,0,0.8,0.8
3300,-5303.532828540155,-4094.2080470426286,977.5000000000007,1000.0,0,0.8,0.8
3360,-5008.311932463719,-4450.484421162856,978.1944444444451,1000.0,0,0.8,0.8
3420,-4689.20552406364,-4785.535659564434,978.8888888888896,1000.0,0,0.8,0.8
3480,-4347.735477407098,-5097.763844507456,979.583333333334,1000.0,0,0.8,0.8
3540,-3985.530322649083,-5385.679905370951,980.2777777777785,1000.0,0,0.8,0.8
3600,-3604.3174792882814,-5647.91072029018,980.972222222223,1000.0,0,0.8,0.8
3660,-3205.915017802493,-5883.205664814056,981.6666666666674,1000.0,0,0.8,0.8
3720,-2792.222988953713,-6090.4425763510935,982.3611111111119,1000.0,0,0.8,0.8
3780,-2365.2143621149526,-6268.633105958341,983.0555555555563,1000.0,0,0.8,0.8
3840,-1926.9256158355208,-6416.927431949707,983.7500000000008,1000.0,0,0.8,0.8
3900,-1479.4470255199287,-6534.618312843681,984.4444444444453,1000.0,0,0.8,0.8
3960,-1024.9126945402654,-6621.144460321189,985.1388888888897,1000.0,0,0.8,0.8
4020,-565.4903763253385,-6676.093216107395,985.8333333333342,1000.0,0,0.8,0.8
4080,-103.37113596682526,-6699.202520010923,986.5277777777786,1000.0,0,0.8,0.8
4140,359.24109935192814,-6690.3621597345655,987.2222222222231,1000.0,0,0.8,0.8
4200,820.1400512687154,-6649.614296496956,987.9166666666675,1000.0,0,0.8,0.8
4260,1277.1276123684381,-6577.15326395834,988.611111111112,1000.0,0,0.8,0.8
4320,1728.0243293403496,-6473.324641409513,989.3055555555565,1000.0,0,0.8,0.8
4380,2170.679797170703,-6338.62360564395,990.0000000000009,1000.0,0,0.8,0.8
4440,2602.9829147990104,-6173.69256937339,990.6944444444454,1000.0,0,0.8,0.8
4500,3022.8719533267954,-5979.318117449682,991.3888888888898,1000.0,0,0.8,0.8
4560,3428.344388762034,-5756.427255504547,992.0833333333343,1000.0,0,0.8,0.8
4620,3817.4664524049986,-5506.0829888982,992.7777777777787,1000.0,0,0.8,0.8
4680,4188.382353328157,-5229.479253061537,993.4722222222232,1000.0,0,0.8,0.8
4740,4539.323128966455,-4927.935219410046,994.1666666666677,1000.0,0,0.8,0.8
4800,4868.615081608112,-4602.889003985408,994.8611111111121,1000.0,0,0.8,0.8
4860,5174.687760550563,-4255.890808829561,995.5555555555566,1000.0,0,0.8,0.8
4920,5456.081451853602,-3888.595528800963,996.250000000001,1000.0,0,0.8,0.8
4980,5711.454139969451,-3502.754859092708,996.9444444444455,1000.0,0,0.8,0.8
5040,5939.587908048814,-3100.2089410928534,997.6388888888899,1000.0,0,0.8,0.8
5100,6139.394746398523,-2682.8775864295326,998.3333333333344,1000.0,0,0.8,0.8
5160,6309.921741389382,-2252.751121054728,999.0277777777789,1000.0,0,0.8,0.8
5220,6450.355620067284,-1811.8808930330295,999.7222222222233,1000.0,0,0.8,0.8
5280,6560.026628793671,-1362.3694893051916,1000.0,1000.0,0,0.8,0.8
5340,6638.411727417328,-906.3607080847102,1000.0,1000.0,0,0.8,0.8
5400,6685.137083744016,-446.0293347105081,1000.0,1000.0,0,0.8,0.8
5460,6699.979856407334,16.42923028325751,1000.0,1000.0,0,0.8,0.8
5520,6682.8692576380445,478.80944141493956,1000.0,1000.0,0,0.8,0.8
5580,6633.886890863262,938.9061268861301,1000.0,1000.0,0,0.8,0.8
5640,6553.266361525504,1394.5250054301764,1000.0,1000.0,0,0.8,0.8
5700,6441.392162977622,1843.4931512219437,1000.0,1000.0,0,0.8,0.8
5760,6298.797842767003,2283.6693569397225,1000.0,1000.0,0,0.8,0.8
5820,6126.1634580543405,2712.9543455560442,1000.0,1000.0,0,0.8,0.8
5880,5924.31233230254,3129.3007821556207,1000.0,1000.0,0,0.8,0.8
5940,5694.207128703658,3530.7230380323217,1000.0,1000.0,0,0.8,0.8
6000,5436.94525907037,3915.3066604985065,1000.0,1000.0,0,0.8,0.8
6060,5153.7536500878305,4281.2175032434525,1000.0,1000.0,0,0.8,0.8
6120,4845.982891886522,4626.710473696714,1000.0,1000.0,0,0.8,0.8
6180,4515.100796842539,4950.137855678731,1000.0,1000.0,0,0.8,0.8
6240,4162.685399324637,5249.957167646346,1000.0,1000.0,0,0.8,0.8
6300,3790.4174297733357,5524.738519056105,1000.0,1000.0,0,0.8,0.8
6360,3400.0722990045438,5773.171429761436,1000.0,1000.0,0,0.8,0.8
6420,2993.5116309660443,5994.071079920787,1000.0,1000.0,0,0.8,0.8
6480,2572.6743843284876,6186.383960609928,1000.0,1000.0,0,0.8,0.8
6540,2139.567605253614,6349.192898189586,1000.0,1000.0,0,0.8,0.8
6600,1696.2568554413601,6481.721428466357,1000.0,1000.0,0,0.8,0.8
6660,1244.8563611061784,6583.337499785745,1000.0,1000.0,0,0.8,0.8
6720,787.5189298638503,6653.556487396635,1000.0,1000.0,0,0.8,0.8
6780,326.4256836167759,6692.043504711178,1000.0,1000.0,0,0.8,0.8
6840,-136.22434359639715,6698.61500043729,1000.0,1000.0,0,0.8,0.8
6900,-598.2246931773416,6673.239633966745,1000.0,1000.0,0,0.8,0.8
6960,-1057.3720049535616,6616.038424843997,1000.0,1000.0,0,0.8,0.8
7020,-1511.476525386992,6527.284175602883,1000.0,1000.0,0,0.8,0.8
7080,-1958.3725508902198,6407.400170723807,1000.0,1000.0,0,0.8,0.8
7140,-2395.928756444268,6256.958157916286,1000.0,1000.0,0,0.8,0.8
7200,-2822.0583602589704,6076.675621354509,1000.0,1000.0,0,0.8,0.8
7260,-3234.729075999017,5867.412359870261,1000.0,1000.0,0,0.8,0.8
7320,-3631.972805111578,5630.166386422489,1000.0,1000.0,0,0.8,0.8
7380,-4011.8950230312507,5366.069168399605,1000.0,1000.0,0,0.8,0.8
7440,-4372.6838144978665,5076.380231454313,1000.0,1000.0,0,0.8,0.8
7500,-4712.618514896064,4762.481152606335,1000.0,1000.0,0,0.8,0.8
7560,-5030.077916404739,4425.868971260797,1000.0,1000.0,0,0.8,0.8
7620,-5323.54799981953,4068.1490495665503,1000.0,1000.0,0,0.8,0.8
7680,-5591.629155174359,3691.027416164209,1000.0,1000.0,0,0.8,0.8
7740,-5833.042856725157,3296.302629838373,1000.0,1000.0,0,0.8,0.8
7800,-6046.637760461948,2885.857201877363,1000.0,1000.0,0,0.8,0.8
7860,-6231.395195069085,2461.648618048818,1000.0,1000.0,0,0.8,0.8
7920,-6386.434020146223,2025.700003009006,1000.0,1000.0,0,0.8,0.8
7980,-6511.014828520456,1580.0904716687846,1000.0,1000.0,0,0.8,0.8
8040,-6604.543472607959,1126.945213532298,1000.0,1000.0,0,0.8,0.8
8100,-6666.573898007348,668.4253572979171,1000.0,1000.0,0,0.8,0.8
8160,-6696.810270810857,206.71766405886098,1000.0,1000.0,0,0.8,0.8
8220,-6695.108388487779,-255.9759017414266,1000.0,1000.0,0,0.8,0.8
8280,-6661.476367611469,-717.4486738615216,1000.0,1000.0,0,0.8,0.8
8340,-6596.074605150001,-1175.4998082377615,1000.0,1000.0,0,0.8,0.8
8400,-6499.21501350506,-1627.9447791931336,1000.0,1000.0,0,0.8,0.8
8460,-6371.359532947362,-2072.6257978208537,1000.0,1000.0,0,0.8,0.8
8520,-6213.117928542997,-2507.422102855708,1000.0,1000.0,0,0.8,0.8
8580,-6025.244882077576,-2930.2600749540547,1000.0,1000.0,0,0.8,0.8
8640,-5808.6363928473065,-3339.1231261457838,1000.0,1000.0,0,0.8,0.8
8700,-5564.3255044821935,-3732.0613172938006,1000.0,1000.0,0,0.8,0.8
8760,-5293.477378180964,-4107.200657693529,1000.0,1000.0,0,0.8,0.8
8820,-4997.383735854275,-4462.752042461124,1000.0,1000.0,0,0.8,0.8
8880,-4677.45669967786,-4797.019785086411,1000.0,1000.0,0,0.8,0.8
8940,-4335.222057435762,-5108.409704457367,1000.0,1000.0,0,0.8,0.8
9000,-3972.3119857725414,-5395.436727787619,1000.0,1000.0,0,0.8,0.8
9060,-3590.457266058445,-5656.731973187336,1000.0,1000.0,0,0.8,0.8
9120,-3191.4790299914494,-5891.049278099496,1000.0,1000.0,0,0.8,0.8
9180,-2777.280074302861,-6097.27114246628,1000.0,1000.0,0,0.8,0.8
9240,-2349.835785988128,-6274.414058281564,1000.0,1000.0,0,0.8,0.8
9300,-1911.1847213420479,-6421.633200111984,1000.0,1000.0,0,0.8,0.8
9360,-1463.4188837285365,-6538.226454216653,1000.0,1000.0,0,0.8,0.8
9420,-1008.6737464521459,-6623.637767049913,1000.0,1000.0,0,0.8,0.8
9480,-549.1180683136179,-6677.459797177612,1000.0,1000.0,0,0.8,0.8
9540,-86.94355042135484,-6699.435857959376,1000.0,1000.0,0,0.8,0.8
9600,375.64561641312946,-6689.461141731923,1000.0,1000.0,0,0.8,0.8
9660,836.4432638452259,-6647.583219655073,1000.0,1000.0,0,0.8,0.8
9720,1293.2517675985591,-6574.001814836604,1000.0,1000.0,0,0.8,0.8
9780,1743.8925283181159,-6469.067849817933,1000.0,1000.0,0,0.8,0.8
9840,2186.2163616900943,-6333.281772963389,1000.0,1000.0,0,0.8,0.8
9900,2618.1137482765153,-6167.291171734739,1000.0,1000.0,0,0.8,0.8
9960,3037.5248941809546,-5971.8876842337495,1000.0,1000.0,0,0.8,0.8
10020,3442.449554564605,-5748.003223742112,1000.0,1000.0,0,0.8,0.8
10080,3830.956573162366,-5496.705534264666,1000.0,1000.0,0,0.8,0.8
10140,4201.193092303736,-5219.1930982721,1000.0,1000.0,0,0.8,0.8
10200,4551.393389513736,-4916.789420929313,1000.0,1000.0,0,0.8,0.8
10260,4879.887298551258,-4590.93671806853,1000.0,1000.0,0,0.8,0.8
10320,5185.108174722762,-4243.18903801079,1000.0,1000.0,0,0.8,0.8
10380,5465.6003664838445,-3875.204850038694,1000.0,1000.0,0,0.8,0.8
10440,5720.026157695169,-3488.7391348673214,1000.0,1000.0,0,0.8,0.8
10500,5947.172147423768,-3085.6350148354745,1000.0,1000.0,0,0.8,0.8
10560,6145.955036863554,-2667.8149637340402,1000.0,1000.0,0,0.8,0.8
10620,6315.426795776102,-2237.2716381934833,1000.0,1000.0,0,0.8,0.8
10680,6454.779183812042,-1796.0583743571622,1000.0,1000.0,0,0.8,0.8
10740,6563.347605150153,-1346.2793951633905,1000.0,1000.0,0,0.8,0.8
10800,6640.614278070593,-890.0797749397049,1000.0,1000.0,0,0.8,0.8
10860,6686.210704346194,-429.6352091695004,1000.0,1000.0,0,0.8,0.8
10920,6699.919426674694,32.858361778854984,1000.0,1000.0,0,0.8,0.8
10980,6681.675065770509,495.1952254741768,1000.0,1000.0,0,0.8,0.8
11040,6631.564632169943,955.1704168495157,1000.0,1000.0,0,0.8,0.8
11100,6549.827111262769,1410.590234064786,1000.0,1000.0,0,0.8,0.8
11160,6436.85232352928,1859.2827006529842,1000.0,1000.0,0,0.8,0.8
11220,6293.1790654184615,2299.10792405458,1000.0,1000.0,0,0.8,0.8
11280,6119.492539733875,2727.968301137899,1000.0,1000.0,0,0.8,0.8
11340,5916.621087782055,3143.8185220340633,1000.0,1000.0,0,0.8,0.8
11400,5685.5322388684945,3544.675324576111,1000.0,1000.0,0,0.8,0.8
11460,5427.328095981788,3928.6269528218704,1000.0,1000.0,0,0.8,0.8
11520,5143.240079672431,4293.842274551182,1000.0,1000.0,0,0.8,0.8
11580,4834.623055193643,4638.579514254534,1000.0,1000.0,0,0.8,0.8
11640,4502.94887091286,4961.194559963996,1000.0,1000.0,0,0.8,0.8
11700,4149.799338810457,5260.1488043096315,1000.0,1000.0,0,0.8,0.8
11760,3776.8586905426496,5534.016482406265,1000.0,1000.0,0,0.8,0.8
11820,3385.905545047443,5781.4914715745035,1000.0,1000.0,0,0.8,0.8
11880,2978.8044260007578,6001.393520467563,1000.0,1000.0,0,0.8,0.8
11940,2557.4968695782695,6192.673877895485,1000.0,1000.0,0,0.8,0.8
12000,2123.9921649310677,6354.420294502338,1000.0,1000.0,0,0.8,0.8
12060,1680.3577715354477,6485.861373442403,1000.0,1000.0,0,0.8,0.8
12120,1228.7094591185194,6586.370249306094,1000.0,1000.0,0,0.8,0.8
12180,771.201217183708,6655.467577750352,1000.0,1000.0,0,0.8,0.8
12240,310.0149822593255,6692.823821575351,1000.0,1000.0,0,0.8,0.8
12300,-152.64976813674923,6698.260822344823,1000.0,1000.0,0,0.8,0.8
12360,-614.5865051887807,6671.7526500546755,1000.0,1000.0,0,0.8,0.8
12420,-1073.5921721034783,6613.4257267977155,1000.0,1000.0,0,0.8,0.8
12480,-1527.4776908718372,6523.558223834642,1000.0,1000.0,0,0.8,0.8
12540,-1974.0784023635085,6402.578734946856,1000.0,1000.0,0,0.8,0.8
12600,-2411.264389963523,6251.064232397998,1000.0,1000.0,0,0.8,0.8
12660,-2836.9506375156698,6069.737315252712,1000.0,1000.0,0,0.8,0.8
12720,-3249.106973127858,5859.462763175791,1000.0,1000.0,0,0.8,0.8
12780,-3645.7677514157554,5621.2434121472315,1000.0,1000.0,0,0.8,0.8
12840,-4025.0412280080304,5356.21537176273,1000.0,1000.0,0,0.8,0.8
12900,-4385.118581604913,5065.642606929063,1000.0,1000.0,0,0.8,0.8
12960,-4724.28254056228,4750.910909795106,1000.0,1000.0,0,0.8,0.8
13020,-5040.9155728591695,4413.521290667765,1000.0,1000.0,0,0.8,0.8
13080,-5333.507600390077,4055.0828194320547,1000.0,1000.0,0,0.8,0.8
13140,-5600.66320079039,3677.304951616618,1000.0,1000.0,0,0.8,0.8
13200,-5841.108262448902,3281.9893757023215,1000.0,1000.0,0,0.8,0.8
13260,-6053.696060968102,2871.0214205559373,1000.0,1000.0,0,0.8,0.8
13320,-6237.412728092586,2446.361063968348,1000.0,1000.0,0,0.8,0.8
13380,-6391.382087023502,2010.0335851788254,1000.0,1000.0,0,0.8,0.8
13440,-6514.869831058364,1564.1199059654361,1000.0,1000.0,0,0.8,0.8
13500,-6607.287025627637,1110.7466663665691,1000.0,1000.0,0,0.8,0.8
13560,-6668.192917026376,652.0760823638797,1000.0,1000.0,0,0.8,0.8
13620,-6697.297034445407,190.29563389763211,1000.0,1000.0,0,0.8,0.8
13680,-6694.460575277259,-272.39236760642046,1000.0,1000.0,0,0.8,0.8
13740,-6659.6970670899655,-733.7812824439343,1000.0,1000.0,0,0.8,0.8
13800,-6593.17230311175,-1191.6706664812527,1000.0,1000.0,0,0.8,0.8
13860,-6495.203551534219,-1643.8767654568937,1000.0,1000.0,0,0.8,0.8
13920,-6366.258042405079,-2088.242929686201,1000.0,1000.0,0,0.8,0.8
13980,-6206.950739326625,-2522.649899499418,1000.0,1000.0,0,0.8,0.8
14040,-6018.041406587151,-2945.025912360416,1000.0,1000.0,0,0.8,0.8
14100,-5800.430985712679,-3353.3565834632013,1000.0,1000.0,0,0.8,0.8
14160,-5555.157298719798,-3745.694512684119,1000.0,1000.0,0,0.8,0.8
14220,-5283.390098561691,-4120.168572072269,1000.0,1000.0,0,0.8,0.8
14280,-4986.4254903723595,-4474.9928295849295,1000.0,1000.0,0,0.8,0.8
14340,-4665.679750115538,-4808.475066508463,1000.0,1000.0,0,0.8,0.8
14400,-4322.682570117669,-5119.024847944448,1000.0,1000.0,0,0.8,0.8
14460,-3959.0697636987315,-5405.161107870719,1000.0,1000.0,0,0.8,0.8
14520,-3576.57546369354,-5665.519212603299,1000.0,1000.0,0,0.8,0.8
14580,-3177.0238520698363,-5898.857468972369,1000.0,1000.0,0,0.8,0.8
14640,-2762.3204600869585,-6104.063046173158,1000.0,1000.0,0,0.8,0.8
14700,-2334.44308048487,-6280.157283050167,1000.0,1000.0,0,0.8,0.8
14760,-1895.4323350462482,-6426.300355502604,1000.0,1000.0,0,0.8,0.8
14820,-1447.3819425153338,-6541.795281751966,1000.0,1000.0,0,0.8,0.8
14880,-992.4287332886981,-6626.091246369518,1000.0,1000.0,0,0.8,0.8
14940,-532.7424584984517,-6678.786227211109,1000.0,1000.0,0,0.8,0.8
15000,-70.51544209121003,-6699.628912730797,1000.0,1000.0,0,0.8,0.8
15060,392.04787474698867,-6688.519900529424,1000.0,1000.0,0,0.8,0.8
15120,852.7414469546662,-6645.51217142196,1000.0,1000.0,0,0.8,0.8
15180,1309.3681466082862,-6570.810836762792,1000.0,1000.0,0,0.8,0.8
15240,1759.7502414082735,-6464.772160233899,1000.0,1000.0,0,0.8,0.8
15300,2201.7397806637055,-6327.901858761299,1000.0,1000.0,0,0.8,0.8
15360,2633.2288392434793,-6160.852690662891,1000.0,1000.0,0,0.8,0.8
15420,3052.159570638582,-5964.4213425303105,1000.0,1000.0,0,0.8,0.8
15480,3456.5340211907287,-5739.544629691695,1000.0,1000.0,0,0.8,0.8
15540,3844.423658681375,-5487.295028376245,1000.0,1000.0,0,0.8,0.8
15600,4213.978569838075,-5208.875560888089,1000.0,1000.0,0,0.8,0.8
15660,4563.43628289314,-4905.614058183357,1000.0,1000.0,0,0.8,0.8
15720,4891.1301731187,-4578.956827212895,1000.0,1000.0,0,0.8,0.8
15780,5195.497411250308,-4230.461753232511,1000.0,1000.0,0,0.8,0.8
15840,5475.086416892108,-3861.790869976685,1000.0,1000.0,0,0.8,0.8
15900,5728.563781356786,-3474.7024331299203,1000.0,1000.0,0,0.8,0.8
15960,5954.720626923778,-3071.042534899224,1000.0,1000.0,0,0.8,0.8
16020,6152.478372187867,-2652.7362996785573,1000.0,1000.0,0,0.8,0.8
16080,6320.8938760018455,-2221.778702795153,1000.0,1000.0,0,0.8,0.8
16140,6459.16393548097,-1780.2250561245696,1000.0,1000.0,0,0.8,0.8
16200,6566.629116617477,-1330.181205950278,1000.0,1000.0,0,0.8,0.8
16260,6642.7768992363235,-873.7934898155318,1000.0,1000.0,0,0.8,0.8
16320,6687.24412129314,-413.2385002659892,1000.0,1000.0,0,0.8,0.8
16380,6699.818710857359,49.28729569969978,1000.0,1000.0,0,0.8,0.8
16440,6680.4406975201755,511.57803196374954,1000.0,1000.0,0,0.8,0.8
16500,6629.20249840389,971.4289634488869,1000.0,1000.0,0,0.8,0.8
16560,6546.34847740854,1426.646980932082,1000.0,1000.0,0,0.8,0.8
16620,6432.273779797891,1875.061070364459,1000.0,1000.0,0,0.8,0.8
16680,6287.5224476828,2314.532666815624,1000.0,1000.0,0,0.8,0.8
16740,6112.784825389605,2742.9658536624756,1000.0,1000.0,0,0.8,0.8
16800,5908.894267087731,3158.317358380803,1000.0,1000.0,0,0.8,0.8
16860,5676.823162378436,3558.6062972679965,1000.0,1000.0,0,0.8,0.8
16920,5417.678298799366,3941.9236226226094,1000.0,1000.0,0,0.8,0.8
16980,5132.695583361908,4306.4412273255175,1000.0,1000.0,0,0.8,0.8
17040,4823.234148295373,4650.420663401232,1000.0,1000.0,0,0.8,0.8
17100,4490.769869108378,4972.221432979436,1000.0,1000.0,0,0.8,0.8
17160,4136.888325881603,5270.308812114927,1000.0,1000.0,0,0.8,0.8
17220,3763.27724135991,5543.261170153748,1000.0,1000.0,0,0.8,0.8
17280,3371.718431908558,5789.776749737405,1000.0,1000.0,0,0.8,0.8
17340,2964.0793097204555,6008.679875110577,1000.0,1000.0,0,0.8,0.8
17400,2542.3039768020126,6198.926559123637,1000.0,1000.0,0,0.8,0.8
17460,2108.4039532118995,6359.60948218931,1000.0,1000.0,0,0.8,0.8
17520,1664.448583771377,6489.962319447872,1000.0,1000.0,0,0.8,0.8
17580,1212.5551689982444,6589.363395503953,1000.0,1000.0,0,0.8,0.8
17640,754.8788673317055,6657.338649304821,1000.0,1000.0,0,0.8,0.8
17700,293.6024168063263,6693.563895020144,1000.0,1000.0,0,0.8,0.8
17760,-169.07427480616047,6697.866368140717,1000.0,1000.0,0,0.8,0.8
17820,-630.9446217402237,6670.22554942251,1000.0,1000.0,0,0.8,0.8
17880,-1089.8058838287188,6610.773262746504,1000.0,1000.0,0,0.8,0.8
17940,-1543.4696717542938,6519.793046427659,1000.0,1000.0,0,0.8,0.8
18000,-1989.7723838597626,6397.718800971233,1000.0,1000.0,0,0.8,0.8
18060,-2426.585524741045,6245.132719725737,1000.0,1000.0,0,0.8,0.8
18120,-2851.8258564129246,6062.762512301338,1000.0,1000.0,0,0.8,0.8
18180,-3263.465333633887,5851.477933995959,1000.0,1000.0,0,0.8,0.8
18240,-3659.5407760072926,5612.2866377806895,1000.0,1000.0,0,0.8,0.8
18300,-4038.1632307308078,5346.329368627178,1000.0,1000.0,0,0.8,0.8
18360,-4397.5269813413615,5054.874523096146,1000.0,1000.0,0,0.8,0.8
18420,-4735.918159491856,4739.3121001329955,1000.0,1000.0,0,0.8,0.8
18480,-5051.72291868764,4401.147071920885,1000.0,1000.0,0,0.8,0.8
18540,-5343.435131001963,4041.992206405867,1000.0,1000.0,0,0.8,0.8
18600,-5609.663570062304,3663.560375725723,1000.0,1000.0,0,0.8,0.8
18660,-5849.138546051453,3267.6563872241586,1000.0,1000.0,0,0.8,0.8
18720,-6060.717961079457,2856.1683760101782,1000.0,1000.0,0,0.8,0.8
18780,-6243.392756047528,2431.058800112619,1000.0,1000.0,0,0.8,0.8
18840,-6396.291723026672,1994.3550811759235,1000.0,1000.0,0,0.8,0.8
18900,-6518.685660200133,1548.1399353330148,1000.0,1000.0,0,0.8,0.8
18960,-6609.990849553909,1094.541440369134,1000.0,1000.0,0,0.8,0.8
19020,-6669.771840729694,635.722886548048,1000.0,1000.0,0,0.8,0.8
19080,-6697.743527763499,173.87245950384818,1000.0,1000.0,0,0.8,0.8
19140,-6693.772508805686,-288.80719559767687,1000.0,1000.0,0,0.8,0.8
19200,-6657.877722337626,-750.1094788576495,1000.0,1000.0,0,0.8,0.8
19260,-6590.230356850801,-1207.834359303425,1000.0,1000.0,0,0.8,0.8
19320,-6491.15303441902,-1659.7988672199176,1000.0,1000.0,0,0.8,0.8
19380,-6361.1182720575725,-2103.847505112248,1000.0,1000.0,0,0.8,0.8
19440,-6200.7462282072365,-2537.8625276491043,1000.0,1000.0,0,0.8,0.8
19500,-6010.8017450905445,-2959.774041559293,1000.0,1000.0,0,0.8,0.8
19560,-5792.190701046076,-3367.569877313184,1000.0,1000.0,0,0.8,0.8
19620,-5545.955690236685,-3759.3051855100944,1000.0,1000.0,0,0.8,0.8
19680,-5273.2710503363305,-4133.111712203838,1000.0,1000.0,0,0.8,0.8
19740,-4975.43726190904,-4487.206708931385,1000.0,1000.0,0,0.8,0.8
19800,-4653.874746190526,-4819.901434950908,1000.0,1000.0,0,0.8,0.8
19860,-4310.117090851752,-5129.609211140688,1000.0,1000.0,0,0.8,0.8
19920,-3945.803736052133,-5414.852987148293,1000.0,1000.0,0,0.8,0.8
19980,-3562.6721556637194,-5674.2723857011115,1000.0,1000.0,0,0.8,0.8
20040,-3162.5495709555225,-5906.630190482624,1000.0,1000.0,0,0.8,0.8
20100,-2747.344236256987,-6110.818246632548,1000.0,1000.0,0,0.8,0.8
20160,-2319.0363381603443,-6285.862745730582,1000.0,1000.0,0,0.8,0.8
20220,-1879.6685516659752,-6430.928870058328,1000.0,1000.0,0,0.8,0.8
20280,-1431.3362983091774,-6545.324773990543,1000.0,1000.0,0,0.8,0.8
20340,-976.1777527299341,-6628.504883527424,1000.0,1000.0,0,0.8,0.8
20400,-516.3636453450962,-6680.072498232162,1000.0,1000.0,0,0.8,0.8
20460,-54.08690975729272,-6699.78168316436,1000.0,1000.0,0,0.8,0.8
20520,408.4477757280439,-6687.538441786676,1000.0,1000.0,0,0.8,0.8
20580,869.0345025973288,-6643.401164250671,1000.0,1000.0,0,0.8,0.8
20640,1325.4766524910801,-6567.580348924008,1000.0,1000.0,0,0.8,0.8
20700,1775.5973732596453,-6460.437598487056,1000.0,1000.0,0,0.8,0.8
20760,2217.2499607504437,-6322.483895386679,1000.0,1000.0,0,0.8,0.8
20820,2648.328096814074,-6154.377164871917,1000.0,1000.0,0,0.8,0.8
20880,3066.77589470253,-5956.919137233882,1000.0,1000.0,0,0.8,0.8
20940,3470.597703951637,-5731.051524214153,1000.0,1000.0,0,0.8,0.8
21000,3857.86762798551,-5477.851527817562,1000.0,1000.0,0,0.8,0.8
21060,4226.738709053136,-5198.5267029480165,1000.0,1000.0,0,0.8,0.8
21120,4575.451736691762,-4894.409198368695,1000.0,1000.0,0,0.8,0.8
21180,4902.343637707926,-4566.949403452633,1000.0,1000.0,0,0.8,0.8
21240,5205.855407663536,-4217.709031022893,1000.0,1000.0,0,0.8,0.8
21300,5484.539546039528,-3848.3536692721295,1000.0,1000.0,0,0.8,0.8
21360,5737.066959618244,-3460.6448382820827,1000.0,1000.0,0,0.8,0.8
21420,5962.23330116044,-3056.4315890275107,1000.0,1000.0,0,0.8,0.8
21480,6158.964713147195,-2637.641684929825,1000.0,1000.0,0,0.8,0.8
21540,6326.322949193507,-2206.272408017493,1000.0,1000.0,0,0.8,0.8
21600,6463.509848708894,-1764.3810335397748,1000.0,1000.0,0,0.8,0.8
21660,6569.871143464191,-1314.0750184629026,1000.0,1000.0,0,0.8,0.8
21720,6644.8995779108445,-857.5019506403621,1000.0,1000.0,0,0.8,0.8
21780,6688.237328370998,-396.8393065921335,1000.0,1000.0,0,0.8,0.8
21840,6699.677709560924,65.7159332599936,1000.0,1000.0,0,0.8,0.8
21900,6679.1661603092,527.9577623751737,1000.0,1000.0,0,0.8,0.8
21960,6626.80050376843,987.6816689228513,1000.0,1000.0,0,0.8,0.8
22020,6542.830480879567,1442.6951494841123,1000.0,1000.0,0,0.8,0.8
22080,6427.656559313883,1890.828165482248,1000.0,1000.0,0,0.8,0.8
22140,6281.8280235728,2329.9434924751295,1000.0,1000.0,0,0.8,0.8
22200,6106.040355354477,2757.9469129507056,1000.0,1000.0,0,0.8,0.8
22260,5901.131916680307,3172.7972040155287,1000.0,1000.0,0,0.8,0.8
22320,5668.079951600455,3572.515872342169,1000.0,1000.0,0,0.8,0.8
22380,5407.995925546555,3955.196589948926,1000.0,1000.0,0,0.8,0.8
22440,5122.1202245595,4319.014285809934,1000.0,1000.0,0,0.8,0.8
22500,4811.816239672294,4662.233849936932,1000.0,1000.0,0,0.8,0.8
22560,4478.563864660465,4983.218408421336,1000.0,1000.0,0,0.8,0.8
22620,4123.9524381710135,5280.437129970879,1000.0,1000.0,0,0.8,0.8
22680,3749.673163889263,5552.472526711,1000.0,1000.0,0,0.8,0.8
22740,3357.5110448938967,5798.027214431408,1000.0,1000.0,0,0.8,0.8
22800,2949.336370666099,6015.930100037555,1000.0,1000.0,0,0.8,0.8
22860,2527.0957973533496,6205.141966697522,1000.0,1000.0,0,0.8,0.8
22920,2092.803063826804,6364.760430048321,1000.0,1000.0,0,0.8,0.8
22980,1648.529387809842,6494.024241824099,1000.0,1000.0,0,0.8,0.8
23040,1196.3935878797918,6592.316920381776,1000.0,1000.0,0,0.8,0.8
23100,738.5519784529076,6659.169690809436,1000.0,1000.0,0,0.8,0.8
23160,277.1880859452963,6694.263720595547,1000.0,1000.0,0,0.8,0.8
23220,-185.49776484533925,6697.431640196795,1000.0,1000.0,0,0.8,0.8
23280,-647.2989444716976,6668.658341252577,1000.0,1000.0,0,0.8,0.8
23340,-1106.0130426374978,6608.081048639423,1000.0,1000.0,0,0.8,0.8
23400,-1559.4523718759365,6515.988666021623,1000.0,1000.0,0,0.8,0.8
23460,-2005.4544010123182,6392.820398019334,1000.0,1000.0,0,0.8,0.8
23520,-2441.8920686520846,6239.163655565206,1000.0,1000.0,0,0.8,0.8
23580,-2866.6839275072643,6055.75125443931,1000.0,1000.0,0,0.8,0.8
23640,-3277.804071181422,5843.4579203429075,1000.0,1000.0,0,0.8,0.8
23700,-3673.291796070059,5603.2961171792585,1000.0,1000.0,0,0.8,0.8
23760,-4051.2609522979774,5336.411218436735,1000.0,1000.0,0,0.8,0.8
23820,-4409.908939096476,5044.076044703206,1000.0,1000.0,0,0.8,0.8
23880,-4747.525301720755,4727.684793362709,1000.0,1000.0,0,0.8,0.8
23940,-5062.499888906443,4388.746389425344,1000.0,1000.0,0,0.8,0.8
24000,-5353.33053196177,4028.8772892007582,1000.0,1000.0,0,0.8,0.8
24060,-5618.630208871625,3649.7937711365225,1000.0,1000.0,0,0.8,0.8
24120,-5857.133659247322,3253.3037505870593,1000.0,1000.0,0,0.8,0.8
24180,-6067.703418573888,2841.298157550258,1000.0,1000.0,0,0.8,0.8
24240,-6249.335242976475,2415.741918492931,1000.0,1000.0,0,0.8,0.8
24300,-6401.162898634471,1978.6645852739387,1000.0,1000.0,0,0.8,0.8
24360,-6522.46229300148,1532.1506558578467,1000.0,1000.0,0,0.8,0.8
24420,-6612.654928128896,1078.3296329807356,1000.0,1000.0,0,0.8,0.8
24480,-6671.310659623363,619.3658681808599,1000.0,1000.0,0,0.8,0.8
24540,-6698.149748080403,157.44823962872576,1000.0,1000.0,0,0.8,0.8
24600,-6693.044193210349,-305.2202870141566,1000.0,1000.0,0,0.8,0.8
24660,-6656.018344294035,-766.4331649224562,1000.0,1000.0,0,0.8,0.8
24720,-6587.248784056839,-1223.990789513323,1000.0,1000.0,0,0.8,0.8
24780,-6487.0634865149095,-1675.7109887438198,1000.0,1000.0,0,0.8,0.8
24840,-6355.9402528098735,-2119.4394302699284,1000.0,1000.0,0,0.8,0.8
24900,-6194.5044324920245,-2553.0598958325327,1000.0,1000.0,0,0.8,0.8
24960,-6003.525941119252,-2974.5043738713775,1000.0,1000.0,0,0.8,0.8
25020,-5783.915588395694,-3381.7629222322876,1000.0,1000.0,0,0.8,0.8
25080,-5536.720734361399,-3772.8932539318325,1000.0,1000.0,0,0.8,0.8
25140,-5263.120294349952,-4146.03000026211,1000.0,1000.0,0,0.8,0.8
25200,-4964.41911653565,-4499.393607059417,1000.0,1000.0,0,0.8,0.8
25260,-4642.041758885376,-4831.298821707898,1000.0,1000.0,0,0.8,0.8
25320,-4297.525695193225,-5140.162730403168,1000.0,1000.0,0,0.8,0.8
25380,-3932.5139826002664,-5424.512307343873,1000.0,1000.0,0,0.8,0.8
25440,-3548.7474255684947,-5682.9914398486235,1000.0,1000.0,0,0.8,0.8
25500,-3148.056273681201,-5914.3673958935115,1000.0,1000.0,0,0.8,0.8
25560,-2732.351492863782,-6117.536703225966,1000.0,1000.0,0,0.8,0.8
25620,-2303.6156516540377,-6291.530412016325,1000.0,1000.0,0,0.8,0.8
25680,-1863.8934659876393,-6435.518715948259,1000.0,1000.0,0,0.8,0.8
25740,-1415.2820475913247,-6548.814909709807,1000.0,1000.0,0,0.8,0.8
25800,-959.9209024916594,-6630.878664010627,1000.0,1000.0,0,0.8,0.8
25860,-499.98172733804563,-6681.3186025065315,1000.0,1000.0,0,0.8,0.8
25920,-37.658052203012716,-6699.89416834147,1000.0,1000.0,0,0.8,0.8
25980,424.84522074498415,-6686.516771405116,1000.0,1000.0,0,0.8,0.8
26040,885.322332804355,-6641.250210834524,1000.0,1000.0,0,0.8,0.8
26100,1341.5771883877412,-6564.310370744927,1000.0,1000.0,0,0.8,0.8
26160,1791.4338285847157,-6456.064190640769,1000.0,1000.0,0,0.8,0.8
26220,2232.7468086888503,-6317.027915417306,1000.0,1000.0,0,0.8,0.8
26280,2663.411430197626,-6147.864633298654,1000.0,1000.0,0,0.8,0.8
26340,3081.373778486024,-5949.381113454619,1000.0,1000.0,0,0.8,0.8
26400,3484.640518283503,-5722.523958377863,1000.0,1000.0,0,0.8,0.8
26460,3871.288400237216,-5468.375089371661,1000.0,1000.0,0,0.8,0.8
26520,4239.473433223251,-5188.146586678717,1000.0,1000.0,0,0.8,0.8
26580,4587.439678661594,-4883.174908859292,1000.0,1000.0,0,0.8,0.8
26640,4913.527624893255,-4554.914518987442,1000.0,1000.0,0,0.8,0.8
26700,5216.182101680629,-4204.930948063048,1000.0,1000.0,0,0.8,0.8
26760,5493.959697085171,-3834.8933287218797,1000.0,1000.0,0,0.8,0.8
26820,5745.535641350612,-3446.5664348510036,1000.0,1000.0,0,0.8,0.8
26880,5969.710124960632,-3041.8022650748117,1000.0,1000.0,0,0.8,0.8
26940,6165.414020739648,-2622.531210250647,1000.0,1000.0,0,0.8,0.8
27000,6331.713982706496,-2190.75284709864,1000.0,1000.0,0,0.8,0.8
27060,6467.81689736418,-1748.5264018716293,1000.0,1000.0,0,0.8,0.8
27120,6573.073666196227,-1297.960929546587,1000.0,1000.0,0,0.8,0.8
27180,6646.982301330665,-841.2052553738775,1000.0,1000.0,0,0.8,0.8
27240,6689.190319607693,-380.4377267549621,1000.0,1000.0,0,0.8,0.8
27300,6699.496423633223,82.14417567556065,1000.0,1000.0,0,0.8,0.8
27360,6677.851461801281,544.3343182183485,1000.0,1000.0,0,0.8,0.8
27420,6624.35866270657,1003.9284355451665,1000.0,1000.0,0,0.8,0.8
27480,6539.273142829286,1458.7346432245095,1000.0,1000.0,0,0.8,0.8
27540,6423.000689840217,1906.5838912001348,1000.0,1000.0,0,0.8,0.8
27600,6276.095827328587,2345.3403083690096,1000.0,1000.0,0,0.8,0.8
27660,6099.259170182457,2772.9113889226533,1000.0,1000.0,0,0.8,0.8
27720,5893.334083234225,3187.257971871991,1000.0,1000.0,0,0.8,0.8
27780,5659.302659106778,3586.4039661614647,1000.0,1000.0,0,0.8,0.8
27840,5398.281034442689,3968.4457749915287,1000.0,1000.0,0,0.8,0.8
27900,5111.51406685401,4331.5613744036145,1000.0,1000.0,0,0.8,0.8
27960,4800.369397979373,4674.0190028298875,1000.0,1000.0,0,0.8,0.8
28020,4466.330930962879,4994.185420165736,1000.0,1000.0,0,0.8,0.8
28080,4110.991753461143,5290.533696976725,1000.0,1000.0,0,0.8,0.8
28140,3736.0465399310024,5561.650496690828,1000.0,1000.0,0,0.8,0.8
28200,3343.2834694313065,5806.242816047147,1000.0,1000.0,0,0.8,0.8
28260,2934.5756974858164,6023.144151653469,1000.0,1000.0,0,0.8,0.8
28320,2511.8724226778722,6211.320063244379,1000.0,1000.0,0,0.8,0.8
28380,2077.1895905826696,6369.873107107139,1000.0,1000.0,0,0.8,0.8
28440,1632.6002793717334,6498.047116147058,1000.0,1000.0,0,0.8,0.8
28500,1180.2248129414845,6595.23080618025,1000.0,1000.0,0,0.8,0.8
28560,722.2206487195773,6660.9606912542895,1000.0,1000.0,0,0.8,0.8
28620,260.77208837423814,6694.923294093568,1000.0,1000.0,0,0.8,0.8
28680,-201.92013950112772,6696.956641127042,1000.0,1000.0,0,0.8,0.8
28740,-663.649375045849,6667.051034968384,1000.0,1000.0,0,0.8,0.8
28800,-1122.2135510775047,6605.349100664533,1000.0,1000.0,0,0.8,0.8
28860,-1575.4256951340467,6512.145105491981,1000.0,1000.0,0,0.8,0.8
28920,-2021.1243595264739,6387.88355554486,1000.0,1000.0,0,0.8,0.8
28980,-2457.183929659531,6233.157075807949,1000.0,1000.0,0,0.8,0.8
29040,-2881.52476145824,6048.703583824784,1000.0,1000.0,0,0.8,0.8
29100,-3292.1230995527694,5835.402770440342,1000.0,1000.0,0,0.8,0.8
29160,-3687.020728920346,5594.271904402164,1000.0,1000.0,0,0.8,0.8
29220,-4064.334313954014,5326.460980828426,1000.0,1000.0,0,0.8,0.8
29280,-4422.264380418527,5033.24723668064,1000.0,1000.0,0,0.8,0.8
29340,-4759.103897456131,4716.029059398342,1000.0,1000.0,0,0.8,0.8
29400,-5073.2464187145215,4376.319317745453,1000.0,1000.0,0,0.8,0.8
29460,-5363.193743769204,4015.7381466757274,1000.0,1000.0,0,0.8,0.8
29520,-5627.56306330265,3636.00522062654,1000.0,1000.0,0,0.8,0.8
29580,-5865.093553962571,3238.9315520922128,1000.0,1000.0,0,0.8,0.8
29640,-6074.652391448404,2826.4108545896033,1000.0,1000.0,0,0.8,0.8
29700,-6255.240153147726,2400.410511208481,1000.0,1000.0,0,0.8,0.8
29760,-6405.995584556906,1962.962191818569,1000.0,1000.0,0,0.8,0.8
29820,-6526.199706753825,1516.152163682141,1000.0,1000.0,0,0.8,0.8
29880,-6615.279245333705,1062.1113416816847,1000.0,1000.0,0,0.8,0.8
29940,-6672.809364454591,603.005125615745,1000.0,1000.0,0,0.8,0.8
30000,-6698.515692953548,141.02307302984252,1000.0,1000.0,0,0.8,0.8
30060,-6692.275632870549,-321.6315431652353,1000.0,1000.0,0,0.8,0.8
30120,-6654.1189441394745,-782.7522424853942,1000.0,1000.0,0,0.8,0.8
30180,-6584.227602657835,-1240.1398599635515,1000.0,1000.0,0,0.8,0.8
30240,-6482.934932411989,-1691.613034350381,1000.0,1000.0,0,0.8,0.8
30300,-6350.724015797008,-2135.0186114062035,1000.0,1000.0,0,0.8,0.8
30360,-6188.225389712446,-2568.241912669055,1000.0,1000.0,0,0.8,0.8
30420,-5996.214038422146,-2989.216820724274,1000.0,1000.0,0,0.8,0.8
30480,-5775.605697519121,-3395.9356328788713,1000.0,1000.0,0,0.8,0.8
30540,-5527.452486623015,-3786.4586362453256,1000.0,1000.0,0,0.8,0.8
30600,-5252.937891638198,-4158.923358570508,1000.0,1000.0,0,0.8,0.8
30660,-4953.3711205034315,-4511.553450690165,1000.0,1000.0,0,0.8,0.8
30720,-4630.180859350907,-4842.667158247845,1000.0,1000.0,0,0.8,0.8
30780,-4284.908458853192,-5150.685342274376,1000.0,1000.0,0,0.8,0.8
30840,-3919.200583253406,-5434.139010376706,1000.0,1000.0,0,0.8,0.8
30900,-3534.8013571361575,-5691.676322618859,1000.0,1000.0,0,0.8,0.8
30960,-3133.544047393912,-5922.06903868183,1000.0,1000.0,0,0.8,0.8
31020,-2717.3423200575066,-6124.218375555876,1000.0,1000.0,0,0.8,0.8
31080,-2288.181113689327,-6297.160247828161,1000.0,1000.0,0,0.8,0.8
31140,-1848.1071728656111,-6440.06986557401,1000.0,1000.0,0,0.8,0.8
31200,-1399.2192868945792,-6552.265667923882,1000.0,1000.0,0,0.8,0.8
31260,-943.6582803250204,-6633.212573545776,1000.0,1000.0,0,0.8,0.8
31320,-483.59680298054013,-6682.524532541483,1000.0,1000.0,0,0.8,0.8
31380,-21.22896821392572,-6699.96636758576,1000.0,1000.0,0,0.8,0.8
31440,441.24011120127733,-6685.454895527966,1000.0,1000.0,0,0.8,0.8
31500,901.6048396383595,-6639.059324107026,1000.0,1000.0,0,0.8,0.8
31560,1357.6696574871346,-6561.000921887645,1000.0,1000.0,0,0.8,0.8
31620,1807.2595121600602,-6451.651962992017,1000.0,1000.0,0,0.8,0.8
31680,2248.2302312975867,-6311.533951659561,1000.0,1000.0,0,0.8,0.8
31740,2678.478748699242,-6141.315135102441,1000.0,1000.0,0,0.8,0.8
31800,3095.95313421307,-5941.8073165181,1000.0,1000.0,0,0.8,0.8
31860,3498.6623797480265,-5713.96198345838,1000.0,1000.0,0,0.8,0.8
31920,3884.6858947385153,-5458.865770019572,1000.0,1000.0,0,0.8,0.8
31980,4252.182665775448,-5177.735274495071,1000.0,1000.0,0,0.8,0.8
32040,4599.400036720033,-4871.911257206098,1000.0,1000.0,0,0.8,0.8
32100,4924.682067426282,-4542.852246182099,1000.0,1000.0,0,0.8,0.8
32160,5226.477431208011,-4192.127581186558,1000.0,1000.0,0,0.8,0.8
32220,5503.346813386436,-3821.409929261855,1000.0,1000.0,0,0.8,0.8
32280,5753.969775632385,-3432.467307488996,1000.0,1000.0,0,0.8,0.8
32340,5977.151053366821,-3027.1546510060666,1000.0,1000.0,0,0.8,0.8
32400,6171.826256186042,-2607.4049664991285,1000.0,1000.0,0,0.8,0.8
32460,6337.066944124946,-2175.2201133565027,1000.0,1000.0,0,0.8,0.8
32520,6472.0850555489005,-1732.6612564527204,1000.0,1000.0,0,0.8,0.8
32580,6576.236665557078,-1281.8390360940364,1000.0,1000.0,0,0.8,0.8
32640,6649.025056972538,-824.9035020068096,1000.0,1000.0,0,0.8,0.8
32700,6690.103089272963,-364.03385937588666,1000.0,1000.0,0,0.8,0.8
32760,6699.274854164309,98.57192416465429,1000.0,1000.0,0,0.8,0.8
32820,6676.496609901589,560.7076010224205,1000.0,1000.0,0,0.8,0.8
32880,6621.876989900896,1020.1691656253896,1000.0,1000.0,0,0.8,0.8
32940,6535.676484647698,1474.7653657090164,1000.0,1000.0,0,0.8,0.8
33000,6418.306199372289,1922.328152780112,1000.0,1000.0,0,0.8,0.8
33060,6270.325893417405,2360.7230219174326,1000.0,1000.0,0,0.8,0.8
33120,6092.441310648275,2787.85919159811,1000.0,1000.0,0,0.8,0.8
33180,5885.500813637177,3201.699574998858,1000.0,1000.0,0,0.8,0.8
33240,5650.491337674614,3600.270495217808,1000.0,1000.0,0,0.8,0.8
33300,5388.533683902688,3981.671098084054,1000.0,1000.0,0,0.8,0.8
33360,5100.877174019393,4344.082417661948,1000.0,1000.0,0,0.8,0.8
33420,4788.8936920456235,4685.776051216852,1000.0,1000.0,0,0.8,0.8
33480,4454.071141571242,5005.122402268899,1000.0,1000.0,0,0.8,0.8
33540,4098.006349683584,5300.5984524225905,1000.0,1000.0,0,0.8,0.8
33600,3722.397451420829,5570.795024906899,1000.0,1000.0,0,0.8,0.8
33660,3329.035791070048,5814.423505184875,1000.0,1000.0,0,0.8,0.8
33720,2919.7973789343864,6030.321986580786,1000.0,1000.0,0,0.8,0.8
33780,2496.633944312552,6217.4608116157915,1000.0,1000.0,0,0.8,0.8
33840,2061.5636273621726,6374.947482623607,1000.0,1000.0,0,0.8,0.8
33900,1616.661354237415,6502.03091822755,1000.0,1000.0,0,0.8,0.8
33960,1164.0489414048554,6598.105035378414,1000.0,1000.0,0,0.8,0.8
34020,705.8849763307588,6662.711639870231,1000.0,1000.0,0,0.8,0.8
34080,244.3545228013012,6695.542611548246,1000.0,1000.0,0,0.8,0.8
34140,-218.34130002716853,6696.4413737875875,1000.0,1000.0,0,0.8,0.8
34200,-679.9958151489394,6665.4036402345255,1000.0,1000.0,0,0.8,0.8
34260,-1138.4073117363112,6602.577435248832,1000.0,1000.0,0,0.8,0.8
34320,-1591.3895454822425,6508.262387949764,1000.0,1000.0,0,0.8,0.8
34380,-2036.782165179933,6382.90830323268,1000.0,1000.0,0,0.8,0.8
34440,-2472.461015814709,6227.113016571021,1000.0,1000.0,0,0.8,0.8
34500,-2896.3482690291708,6041.619542834808,1000.0,1000.0,0,0.8,0.8
34560,-3306.4223326487427,5827.312532723245,1000.0,1000.0,0,0.8,0.8
34620,-3700.7274920070363,5585.2140537113755,1000.0,1000.0,0,0.8,0.8
34680,-4077.38323708987,5316.478715632207,1000.0,1000.0,0,0.8,0.8
34740,-4434.593231015223,5022.388164141209,1000.0,1000.0,0,0.8,0.8
34800,-4770.653877076839,4704.344968324864,1000.0,1000.0,0,0.8,0.8
34860,-5083.962443493791,4363.865931604268,1000.0,1000.0,0,0.8,0.8
34920,-5373.024707117602,4002.574857835336,1000.0,1000.0,0,0.8,0.8
34980,-5636.46207964286,3622.194807105194,1000.0,1000.0,0,0.8,0.8
35040,-5873.018182334928,3224.539878158602,1000.0,1000.0,0,0.8,0.8
35100,-6081.564837919335,2811.506556644481,1000.0,1000.0,0,0.8,0.8
35160,-6261.107451055513,2385.0646704458313,1000.0,1000.0,0,0.8,0.8
35220,-6410.789751735433,1947.2479952270296,1000.0,1000.0,0,0.8,0.8
35280,-6529.897878984399,1500.14455500355,1000.0,1000.0,0,0.8,0.8
35340,-6617.863785388519,1045.8866639913172,1000.0,1000.0,0,0.8,0.8
35400,-6674.267946211777,586.6407572286109,1000.0,1000.0,0,0.8,0.8
35460,-6698.841360182541,124.59705847036427,1000.0,1000.0,0,0.8,0.8
35520,-6691.466832407582,-338.0408653713539,1000.0,1000.0,0,0.8,0.8
35580,-6652.179533294891,-799.0666134211342,1000.0,1000.0,0,0.8,0.8
35640,-6581.166830819916,-1256.2814735510083,1000.0,1000.0,0,0.8,0.8
35700,-6478.767396934968,-1707.504908421718,1000.0,1000.0,0,0.8,0.8
35760,-6345.469592383772,-2150.584954844774,1000.0,1000.0,0,0.8,0.8
35820,-6181.909137623877,-2583.408486870432,1000.0,1000.0,0,0.8,0.8
35880,-5988.866080965101,-3003.911293653237,1000.0,1000.0,0,0.8,0.8
35940,-5767.261078383079,-3410.0879240335444,1000.0,1000.0,0,0.8,0.8
36000,-5518.151002750724,-3800.0012508830755,1000.0,1000.0,0,0.8,0.8
36060,-5242.723903427095,-4171.791709602232,1000.0,1000.0,0,0.8,0.8
36120,-4942.293340243108,-4523.6861667074545,1000.0,1000.0,0,0.8,0.8
36180,-4618.292118905767,-4854.0063762138425,1000.0,1000.0,0,0.8,0.8
36240,-4272.265457698109,-5161.176983482676,1000.0,1000.0,0,0.8,0.8
36300,-3905.863618063903,-5443.733038362234,1000.0,1000.0,0,0.8,0.8
36360,-3520.834034223309,-5700.326981790306,1000.0,1000.0,0,0.8,0.8
36420,-3119.0129793545557,-5929.735072538196,1000.0,1000.0,0,0.8,0.8
36480,-2702.3168080871874,-6130.863223445882,1000.0,1000.0,0,0.8,0.8
36540,-2272.7328170729,-6302.752219314323,1000.0,1000.0,0,0.8,0.8
36600,-1832.3097672214467,-6444.582291569924,1000.0,1000.0,0,0.8,0.8
36660,-1383.148112803165,-6555.677027883605,1000.0,1000.0,0,0.8,0.8
36720,-927.3899840159589,-6635.506598099248,1000.0,1000.0,0,0.8,0.8
36780,-467.20897079368945,-6683.6902810858655,1000.0,1000.0,0,0.8,0.8
36840,-4.79975657668122,-6699.998280463105,1000.0,1000.0,0,0.8,0.8
36900,457.6323485157639,-6684.352820540198,1000.0,1000.0,0,0.8,0.8
36960,917.8819251938778,-6636.828517241812,1000.0,1000.0,0,0.8,0.8
37020,1373.753963026372,-6557.652022251646,1000.0,1000.0,0,0.8,0.8
37080,1823.0743288271424,-6447.200942071158,1000.0,1000.0,0,0.8,0.8
37140,2263.7001354760914,-6306.002037148202,1000.0,1000.0,0,0.8,0.8
37200,2693.529961720352,-6134.728709664881,1000.0,1000.0,0,0.8,0.8
37260,3110.5138742192034,-5934.197791964943,1000.0,1000.0,0,0.8,0.8
37320,3512.6632040328723,-5705.365650938182,1000.0,1000.0,0,0.8,0.8
37380,3898.060030931321,-5449.323626940086,1000.0,1000.0,0,0.8,0.8
37440,4264.866330290212,-5167.2928289994015,1000.0,1000.0,0,0.8,0.8
37500,4611.332738950464,-4860.618311136493,1000.0,1000.0,0,0.8,0.8
37560,4935.806898236173,-4530.762657566159,1000.0,1000.0,0,0.8,0.8
37620,5236.741334340712,-4179.299007379013,1000.0,1000.0,0,0.8,0.8
37680,5512.70083849935,-3807.9035519666613,1000.0,1000.0,0,0.8,0.8
37740,5762.369311749738,-3418.3475409730645,1000.0,1000.0,0,0.8,0.8
37800,5984.556041637259,-3012.488834896276,1000.0,1000.0,0,0.8,0.8
37860,6178.201380930174,-2592.2630446280423,1000.0,1000.0,0,0.8,0.8
37920,6342.381801261944,-2159.6743001881214,1000.0,1000.0,0,0.8,0.8
37980,6476.314297598939,-1716.7856926789982,1000.0,1000.0,0,0.8,0.8
38040,6579.360122527872,-1265.7094350449358,1000.0,1000.0,0,0.8,0.8
38100,6651.02783255352,-808.5967885603922,1000.0,1000.0,0,0.8,0.8
38160,6690.975631878397,-347.6278030900801,1000.0,1000.0,0,0.8,0.8
38220,6699.013002486463,114.99907994871039,1000.0,1000.0,0,0.8,0.8
38280,6675.101612756748,577.0775123360847,1000.0,1000.0,0,0.8,0.8
38340,6619.355500273523,1036.403761509193,1000.0,1000.0,0,0.8,0.8
38400,6532.040527961185,1490.7872205463518,1000.0,1000.0,0,0.8,0.8
38460,6413.5731161376825,1938.0608555532338,1000.0,1000.0,0,0.8,0.8
38520,6264.518256533417,2376.0915406253325,1000.0,1000.0,0,0.8,0.8
38580,6085.586817747194,2802.790231097099,1000.0,1000.0,0,0.8,0.8
38640,5877.632154990069,3216.121926559773,1000.0,1000.0,0,0.8,0.8
38700,5641.646040285683,3614.1153761329506,1000.0,1000.0,0,0.8,0.8
38760,5378.753932536532,3994.872479703768,1000.0,1000.0,0,0.8,0.8
38820,5090.2096100144745,4356.577340296857,1000.0,1000.0,0,0.8,0.8
38880,4777.389190873516,4697.504924403659,1000.0,1000.0,0,0.8,0.8
38940,4441.784570202694,5016.02928896762,1000.0,1000.0,0,0.8,0.8
39000,4084.9963049184753,5310.63133578995,1000.0,1000.0,0,0.8,0.8
39060,3708.72598042974,5579.9060563738185,1000.0,1000.0,0,0.8,0.8
39120,3314.768095480399,5822.569232654688,1000.0,1000.0,0,0.8,0.8
39180,2905.001503872597,6037.463561659789,1000.0,1000.0,0,0.8,0.8
39240,2481.3804538850786,6223.564174887958,1000.0,1000.0,0,0.8,0.8
39300,2045.925268122789,6379.983526085975,1000.0,1000.0,0,0.8,0.8
39360,1600.7127082465342,6505.975624111252,1000.0,1000.0,0,0.8,0.8
39420,1147.866070534219,6600.939590693743,1000.0,1000.0,0,0.8,0.8
39480,689.5450595114235,6664.422526128961,1000.0,1000.0,0,0.8,0.8
39540,227.93548794392623,6696.121669235671,1000.0,1000.0,0,0.8,0.8
39600,-234.7611476842175,6695.885841276697,1000.0,1000.0,0,0.8,0.8
39660,-696.3381664910157,6663.7161669566685,1000.0,1000.0,0,0.8,0.8
39720,-1154.5942272422012,6599.76606905811,1000.0,1000.0,0,0.8,0.8
39780,-1607.3438269312098,6504.340536741438,1000.0,1000.0,0,0.8,0.8
39840,-2052.427723823599,6377.894670998576,1000.0,1000.0,0,0.8,0.8
39900,-2487.7232352577116,6221.031514196875,1000.0,1000.0,0,0.8,0.8
39960,-2911.1543610873823,6034.499174065207,1000.0,1000.0,0,0.8,0.8
40020,-3320.70168448917,5819.1872558375835,1000.0,1000.0,0,0.8,0.8
40080,-3714.4120029125643,5576.122619570951,1000.0,1000.0,0,0.8,0.8
40140,-4090.40764324332,5306.464482870716,1000.0,1000.0,0,0.8,0.8
40200,-4446.8954167541415,5011.498892379679,1000.0,1000.0,0,0.8,0.8
40260,-4782.175171133774,4692.632590397784,1000.0,1000.0,0,0.8,0.8
40320,-5094.6478988097115,4351.386305882935,1000.0,1000.0,0,0.8,0.8
40380,-5382.823362894125,3989.387501829438,1000.0,1000.0,0,0.8,0.8
40440,-5645.327204383107,3608.3626136135167,1000.0,1000.0,0,0.8,0.8
40500,-5880.907496714286,3210.1288153221294,1000.0,1000.0,0,0.8,0.8
40560,-6088.440716422781,2796.58535333306,1000.0,1000.0,0,0.8,0.8
40620,-6266.937101420269,2369.70448847823,1000.0,1000.0,0,0.8,0.8
40680,-6415.545371343062,1931.522089987676,1000.0,1000.0,0,0.8,0.8
40740,-6533.556787456344,1484.1279260747299,1000.0,1000.0,0,0.8,0.8
40800,-6620.408532752717,1029.655697467246,1000.0,1000.0,0,0.8,0.8
40860,-6675.686396124588,570.2728614171056,1000.0,1000.0,0,0.8,0.8
40920,-6699.126747809167,108.17029471866874,1000.0,1000.0,0,0.8,0.8
40980,-6690.6177966847,-354.44815496448047,1000.0,1000.0,0,0.8,0.8
41040,-6650.200123421815,-815.3761796325856,1000.0,1000.0,0,0.8,0.8
41100,-6578.066486947231,-1272.415533217623,1000.0,1000.0,0,0.8,0.8
41160,-6474.560905142872,-1723.38651540137,1000.0,1000.0,0,0.8,0.8
41220,-6340.177014164625,-2166.1383669863485,1000.0,1000.0,0,0.8,0.8
41280,-6175.55571420543,-2598.55952724128,1000.0,1000.0,0,0.8,0.8
41340,-5981.48211293076,-3018.5877043016526,1000.0,1000.0,0,0.8,0.8
41400,-5758.8817811631125,-3424.219710599677,1000.0,1000.0,0,0.8,0.8
41460,-5508.816338673702,-3813.5210164142813,1000.0,1000.0,0,0.8,0.8
41520,-5232.478391132546,-4184.634975980907,1000.0,1000.0,0,0.8,0.8
41580,-4931.185842364512,-4535.791682158205,1000.0,1000.0,0,0.8,0.8
41640,-4606.375609035997,-4865.316407424086,1000.0,1000.0,0,0.8,0.8
41700,-4259.596767749262,-5171.637590942719,1000.0,1000.0,0,0.8,0.8
41760,-3892.5031672259593,-5453.294333612264,1000.0,1000.0,0,0.8,0.8
41820,-3506.845540814339,-5708.943365347248,1000.0,1000.0,0,0.8,0.8
41880,-3104.4631569372195,-5937.365451367395,1000.0,1000.0,0,0.8,0.8
41940,-2687.275047300009,-6137.471206941056,1000.0,1000.0,0,0.8,0.8
42000,-2257.2708546940516,-6308.306292850763,1000.0,1000.0,0,0.8,0.8
42060,-1816.501344043982,-6449.055966803061,1000.0,1000.0,0,0.8,0.8
42120,-1367.068621951731,-6559.048969076747,1000.0,1000.0,0,0.8,0.8
42180,-911.1161113843451,-6637.760723877263,1000.0,1000.0,0,0.8,0.8
42240,-450.81832931631317,-6684.815841130121,1000.0,1000.0,0,0.8,0.8
42300,11.629483921065749,-6699.989906781613,1000.0,1000.0,0,0.8,0.8
42360,474.0218341231366,-6683.21055306851,1000.0,1000.0,0,0.8,0.8
42420,934.1534915981482,-6634.557803652535,1000.0,1000.0,0,0.8,0.8
42480,1389.8300082919095,-6554.263691973574,1000.0,1000.0,0,0.8,0.8
42540,1838.878183492775,-6442.711154641815,1000.0,1000.0,0,0.8,0.8
42600,2279.1564282049794,-6300.432205146222,1000.0,1000.0,0,0.8,0.8
42660,2708.5649787592515,-6128.105396589606,1000.0,1000.0,0,0.8,0.8
42720,3125.055910951898,-5926.552585550588,1000.0,1000.0,0,0.8,0.8
42780,3526.6429069521355,-5696.7350125063695,1000.0,1000.0,0,0.8,0.8
42840,3911.4107283979465,-5439.748717509403,1000.0,1000.0,0,0.8,0.8
42900,4277.52435050159,-5156.8193129813735,1000.0,1000.0,0,0.8,0.8
42960,4623.237713602562,-4849.296138553997,1000.0,1000.0,0,0.8,0.8
43020,4946.902050430271,-4518.6458258332805,1000.0,1000.0,0,0.8,0.8
43080,5246.973749362631,-4166.445303777694,1000.0,1000.0,0,0.8,0.8
43140,5522.021716178877,-3794.3742780491016,1000.0,1000.0,0,0.8,0.8
43200,5770.7341991969915,-3404.20722020414,1000.0,1000.0,0,0.8,0.8
43260,5991.925045246359,-2997.804904929798,1000.0,1000.0,0,0.8,0.8
43320,6184.539356638879,-2577.105535684658,1000.0,1000.0,0,0.8,0.8
43380,6347.658522159646,-2144.1155010693237,1000.0,1000.0,0,0.8,0.8
43440,6480.504598084211,-1700.899806008916,1000.0,1000.0,0,0.8,0.8
43500,6582.444018327525,-1249.572223385241,1000.0,1000.0,0,0.8,0.8
43560,6652.990616031095,-792.2852130855009,1000.0,1000.0,0,0.8,0.8
43620,6691.8079421774655,-331.21965654584113,1000.0,1000.0,0,0.8,0.8
43680,6698.71087017418,131.4255442523036,1000.0,1000.0,0,0.8,0.8
43740,6673.666478754756,593.4439537284404,1000.0,1000.0,0,0.8,0.8
43800,6616.794208985947,1052.6321255793948,1000.0,1000.0,0,0.8,0.8
43860,6528.365294632516,1506.8001113981368,1000.0,1000.0,0,0.8,0.8
43920,6408.801468596075,1953.7819049199272,1000.0,1000.0,0,0.8,0.8
43980,6258.672951597475,2391.4457720830515,1000.0,1000.0,0,0.8,0.8
44040,6078.6957326947,2817.704417640535,1000.0,1000.0,0,0.8,0.8
44100,5869.728154606483,3230.5249398343485,1000.0,1000.0,0,0.8,0.8
44160,5632.766820126143,3627.938525658583,1000.0,1000.0,0,0.8,0.8
44220,5368.94183914916,4008.049840471721,1000.0,1000.0,0,0.8,0.8
44280,5079.511438982422,4369.046067177419,1000.0,1000.0,0,0.8,0.8
44340,4765.855963638626,4709.205551865609,1000.0,1000.0,0,0.8,0.8
44400,4429.47129073548,5026.906014679597,1000.0,1000.0,0,0.8,0.8
44460,4071.961697394274,5320.632286751799,1000.0,1000.0,0,0.8,0.8
44520,3695.0322091630746,5588.98353630776,1000.0,1000.0,0,0.8,0.8
44580,3300.4804684528135,5830.679949477012,1000.0,1000.0,0,0.8,0.8
44640,2890.1881612669695,6044.568833948705,1000.0,1000.0,0,0.8,0.8
44700,2466.1120431136264,6229.63011636178,1000.0,1000.0,0,0.8,0.8
44760,2030.2746068970146,6384.981207212823,1000.0,1000.0,0,0.8,0.8
44820,1584.7544372969592,6509.881210078978,1000.0,1000.0,0,0.8,0.8
44880,1131.6762976357916,6603.734455082297,1000.0,1000.0,0,0.8,0.8
44940,673.2009965123295,6666.093339743042,1000.0,1000.0,0,0.8,0.8
45000,211.51508252857312,6696.660463674015,1000.0,1000.0,0,0.8,0.8
45060,-251.17958374113837,6695.290046934738,1000.0,1000.0,0,0.8,0.8
45120,-712.6763308069195,6661.988625281443,1000.0,1000.0,0,0.8,0.8
45180,-1170.7742002645282,6596.915018996889,1000.0,1000.0,0,0.8,0.8
45240,-1623.288443549039,6500.379575448798,1000.0,1000.0,0,0.8,0.8
45300,-2068.060941382026,6372.842688989101,1000.0,1000.0,0,0.8,0.8
45360,-2502.9704962179458,6214.912605253129,1000.0,1000.0,0,0.8,0.8
45420,-2925.94294860511,6027.342520330148,1000.0,1000.0,0,0.8,0.8
45480,-3334.961069213458,5811.026988639992,1000.0,1000.0,0,0.8,0.8
45540,-3728.0741793529546,5566.997656647031,1000.0,1000.0,0,0.8,0.8
45600,-4103.407454099726,5296.418342758675,1000.0,1000.0,0,0.8,0.8
45660,-4459.170863663275,5000.579486872324,1000.0,1000.0,0,0.8,0.8
45720,-4793.667710350247,4680.891996042761,1000.0,1000.0,0,0.8,0.8
45780,-5105.302720411419,4338.880515620533,1000.0,1000.0,0,0.8,0.8
45840,-5392.589652180204,3976.1761579526033,1000.0,1000.0,0,0.8,0.8
45900,-5654.158384218168,3594.50872332328,1000.0,1000.0,0,0.8,0.8
45960,-5888.76144966277,3195.6984502354676,1000.0,1000.0,0,0.8,0.8
46020,-6095.279985614526,2781.6473343755747,1000.0,1000.0,0,0.8,0.8
46080,-6272.729069188727,2354.3300576653346,1000.0,1000.0,0,0.8,0.8
46140,-6420.262414784691,1915.7845706589226,1000.0,1000.0,0,0.8,0.8
46200,-6537.176410169,1468.102373202117,1000.0,1000.0,0,0.8,0.8
46260,-6622.9134721249175,1013.4185397050959,1000.0,1000.0,0,0.8,0.8
46320,-6677.064705663996,553.9015366000716,1000.0,1000.0,0,0.8,0.8
46380,-6699.371854117414,91.74288054746002,1000.0,1000.0,0,0.8,0.8
46440,-6689.728530807087,-370.8533132889808,1000.0,1000.0,0,0.8,0.8
46500,-6648.18072642227,-831.6808430517195,1000.0,1000.0,0,0.8,0.8
46560,-6574.92658968194,-1288.5419419503469,1000.0,1000.0,0,0.8,0.8
46620,-6470.315482329031,-1739.2577597943903,1000.0,1000.0,0,0.8,0.8
46680,-6334.846312963414,-2181.6787543095347,1000.0,1000.0,0,0.8,0.8
46740,-6169.16515765977,-2613.694942679515,1000.0,1000.0,0,0.8,0.8
46800,-5974.062178718398,-3033.245964421308,1000.0,1000.0,0,0.8,0.8
46860,-5750.467856243258,-3438.3309076039827,1000.0,1000.0,0,0.8,0.8
46920,-5499.448550520397,-3827.017851545883,1000.0,1000.0,0,0.8,0.8
46980,-5222.201416359955,-4197.453080481048,1000.0,1000.0,0,0.8,0.8
47040,-4920.048693656059,-4547.869924253008,1000.0,1000.0,0,0.8,0.8
47100,-4594.431401394677,-4876.5971838722035,1000.0,1000.0,0,0.8,0.8
47160,-4246.902465182564,-5182.067101755633,1000.0,1000.0,0,0.8,0.8
47220,-3879.119311074778,-5462.8228386355795,1000.0,1000.0,0,0.8,0.8
47280,-3492.8359610210164,-5717.525421480009,1000.0,1000.0,0,0.8,0.8
47340,-3089.894667628927,-5944.960129288513,1000.0,1000.0,0,0.8,0.8
47400,-2672.2171281408673,-6144.042286308123,1000.0,1000.0,0,0.8,0.8
47460,-2241.7953195244363,-6313.822435041239,1000.0,1000.0,0,0.8,0.8
47520,-1800.681998387743,-6453.490864373644,1000.0,1000.0,0,0.8,0.8
47580,-1350.9809110249837,-6562.381471228098,1000.0,1000.0,0,0.8,0.8
47640,-894.8367602837925,-6639.974937325936,1000.0,1000.0,0,0.8,0.8
47700,-434.42497710409344,-6685.901205906341,1000.0,1000.0,0,0.8,0.8
47760,28.058654491700832,-6699.941246591636,1000.0,1000.0,0,0.8,0.8
47820,490.4084694748357,-6682.028099981255,1000.0,1000.0,0,0.8,0.8
47880,950.4194410114255,-6632.247196992833,1000.0,1000.0,0,0.8,0.8
47940,1405.897696619674,-6550.835951427211,1000.0,1000.0,0,0.8,0.8
48000,1854.6709811295275,-6438.182627700754,1000.0,1000.0,0,0.8,0.8
48060,2294.5990165468356,-6294.824489144558,1000.0,1000.0,0,0.8,0.8
48120,2723.583709411478,-6121.445235702119,1000.0,1000.0,0,0.8,0.8
48180,3139.5791569709427,-5918.871743245108,1000.0,1000.0,0,0.8,0.8
48240,3540.601404446996,-5688.07012005827,1000.0,1000.0,0,0.8,0.8
48300,3924.7379068618025,-5430.141099300623,1000.0,1000.0,0,0.8,0.8
48360,4290.1566502979795,-5146.314789417352,1000.0,1000.0,0,0.8,0.8
48420,4635.114889092459,-4837.9448075381315,1000.0,1000.0,0,0.8,0.8
48480,4957.967457294235,-4506.501823841092,1000.0,1000.0,0,0.8,0.8
48540,5257.174614747132,-4153.566547670819,1000.0,1000.0,0,0.8,0.8
48600,5531.3093903792915,-3780.8221888596695,1000.0,1000.0,0,0.8,0.8
48660,5779.064387676674,-3390.046430206963,1000.0,1000.0,0,0.8,0.8
48720,5999.258019884886,-2983.102949399942,1000.0,1000.0,0,0.8,0.8
48780,6190.840145202404,-2561.9325308099037,1000.0,1000.0,0,0.8,0.8
48840,6352.897075089582,-2128.5438095538407,1000.0,1000.0,0,0.8,0.8
48900,6484.655931808777,-1685.0036919630184,1000.0,1000.0,0,0.8,0.8
48960,6585.488334412796,-1233.4274981468197,1000.0,1000.0,0,0.8,0.8
49020,6654.913395603192,-775.9688736624357,1000.0,1000.0,0,0.8,0.8
49080,6692.600015165555,-314.80951840398376,1000.0,1000.0,0,0.8,0.8
49140,6698.368459044159,147.85121830456492,1000.0,1000.0,0,0.8,0.8
49200,6672.191216524969,609.8068267892667,1000.0,1000.0,0,0.8,0.8
49260,6614.1931314390395,1068.854160255918,1000.0,1000.0,0,0.8,0.8
49320,6524.650806760559,1522.803941980233,1000.0,1000.0,0,0.8,0.8
49380,6403.99128543899,1969.4912063508204,1000.0,1000.0,0,0.8,0.8
49440,6252.790013756895,2406.7856239669095,1000.0,1000.0,0,0.8,0.8
49500,6071.768096926388,2832.6016615504986,1000.0,1000.0,0,0.8,0.8
49560,5861.788860012546,3244.9085282184083,1000.0,1000.0,0,0.8,0.8
49620,5623.853730585895,3641.7398606774273,1000.0,1000.0,0,0.8,0.8
49680,5359.097462739843,4021.203101153574,1000.0,1000.0,0,0.8,0.8
49740,5068.782725250559,4381.4885233300865,1000.0,1000.0,0,0.8,0.8
49800,4754.294079689493,4720.877863247597,1000.0,1000.0,0,0.8,0.8
49860,4417.1313772082885,5037.7525140040125,1000.0,1000.0,0,0.8,0.8
49920,4058.9026054869114,5330.601245173316,1000.0,1000.0,0,0.8,0.8
49980,3681.316219960574,5598.02741012644,1000.0,1000.0,0,0.8,0.8
50040,3286.172995897613,5838.755606882775,1000.0,1000.0,0,0.8,0.8
50100,2875.35744018891,6051.637760724118,1000.0,1000.0,0,0.8,0.8
50160,2450.8288038056958,6235.6585995633295,1000.0,1000.0,0,0.8,0.8
50220,2014.6117377907833,6389.940495953569,1000.0,1000.0,0,0.8,0.8
50280,1568.7866373445092,6513.747652646751,1000.0,1000.0,0,0.8,0.8
50340,1115.479720057498,6606.4896117387625,1000.0,1000.0,0,0.8,0.8
50400,656.8528856089264,6667.724070666014,1000.0,1000.0,0,0.8,0.8
50460,195.09340528967942,6697.158991623554,1000.0,1000.0,0,0.8,0.8
50520,-267.5965094750691,6694.653994344181,1000.0,1000.0,0,0.8,0.8
50580,-729.0102098564564,6660.221025596433,1000.0,1000.0,0,0.8,0.8
50640,-1186.9471335142423,6594.024302208332,1000.0,1000.0,0,0.8,0.8
50700,-1639.2232994620636,6496.37952788878,1000.0,1000.0,0,0.8,0.8
50760,-2083.6817238538065,6367.75238758146,1000.0,1000.0,0,0.8,0.8
50820,-2518.202707014841,6208.756326532301,1000.0,1000.0,0,0.8,0.8
50880,-2940.7139426596573,6020.149624662069,1000.0,1000.0,0,0.8,0.8
50940,-3349.2004010811042,5802.831780197485,1000.0,1000.0,0,0.8,0.8
51000,-3741.713939178716,5557.83921980723,1000.0,1000.0,0,0.8,0.8
51060,-4116.382591492173,5286.340355702795,1000.0,1000.0,0,0.8,0.8
51120,-4471.419497931256,4989.63001327673,1000.0,1000.0,0,0.8,0.8
51180,-4805.131425622604,4669.123255854981,1000.0,1000.0,0,0.8,0.8
51240,-5115.926844232384,4326.348636013311,1000.0,1000.0,0,0.8,0.8
51300,-5402.323516251947,3962.940905643554,1000.0,1000.0,0,0.8,0.8
51360,-5662.9555660468,3580.6332195369187,1000.0,1000.0,0,0.8,0.8
51420,-5896.579993955211,3181.2488696672126,1000.0,1000.0,0,0.8,0.8
51480,-6102.082604370607,2766.692589593099,1000.0,1000.0,0,0.8,0.8
51540,-6278.483319534284,2338.9414704522837,1000.0,1000.0,0,0.8,0.8
51600,-6424.940853697066,1900.0355318693826,1000.0,1000.0,0,0.8,0.8
51660,-6540.756725357802,1452.0679927463534,1000.0,1000.0,0,0.8,0.8
51720,-6625.378588443136,997.1752883375043,1000.0,1000.0,0,0.8,0.8
51780,-6678.40286654234,537.526881216926,1000.0,1000.0,0,0.8,0.8
51840,-6699.576677633477,75.31491473362968,1000.0,1000.0,0,0.8,0.8
51900,-6688.799040121832,-387.2562417018398,1000.0,1000.0,0,0.8,0.8
51960,-6646.121354438742,-847.980505639789,1000.0,1000.0,0,0.8,0.8
52020,-6571.747157903984,-1304.660602782456,1000.0,1000.0,0,0.8,0.8
52080,-6466.0311540208195,-1755.1185461683035,1000.0,1000.0,0,0.8,0.8
52140,-6329.477520833216,-2197.2060233712205,1000.0,1000.0,0,0.8,0.8
52200,-6162.737506412781,-2628.8146421771416,1000.0,1000.0,0,0.8,0.8
52260,-5966.606322943439,-3047.885985873345,1000.0,1000.0,0,0.8,0.8
52320,-5742.019354215721,-3452.4214301970474,1000.0,1000.0,0,0.8,0.8
52380,-5490.047694618724,-3840.4916751222604,1000.0,1000.0,0,0.8,0.8
52440,-5211.893040904021,-4210.245946028331,1000.0,1000.0,0,0.8,0.8
52500,-4908.881961084685,-4559.9208203661965,1000.0,1000.0,0,0.8,0.8
52560,-4582.459567801307,-4887.848637727851,1000.0,1000.0,0,0.8,0.8
52620,-4234.182626327824,-5192.465453209618,1000.0,1000.0,0,0.8,0.8
52680,-3865.7121300865992,-5472.31849613791,1000.0,1000.0,0,0.8,0.8
52740,-3478.8053790817885,-5726.073098585397,1000.0,1000.0,0,0.8,0.8
52800,-3075.3075990288075,-5952.5190606353735,1000.0,1000.0,0,0.8,0.8
52860,-2657.1431411517597,-6150.576422035737,1000.0,1000.0,0,0.8,0.8
52920,-2226.306304617188,-6319.300612717637,1000.0,1000.0,0,0.8,0.8
52980,-1784.851825373364,-6457.886957614939,1000.0,1000.0,0,0.8,0.8
53040,-1334.8850767569481,-6565.674514299604,1000.0,1000.0,0,0.8,0.8
53100,-878.5520286006424,-6642.149225131385,1000.0,1000.0,0,0.8,0.8
53160,-418.0290127287978,-6686.946368888324,1000.0,1000.0,0,0.8,0.8
53220,44.48765634780996,-6699.852300185761,1000.0,1000.0,0,0.8,0.8
53280,506.79215603921426,-6680.805468388441,1000.0,1000.0,0,0.8,0.8
53340,966.6796756279151,-6629.896711156191,1000.0,1000.0,0,0.8,0.8
53400,1421.9569313959744,-6547.368821223279,1000.0,1000.0,0,0.8,0.8
53460,1870.4526267766125,-6433.615388477635,1000.0,1000.0,0,0.8,0.8
53520,2310.0278076466006,-6289.1789228619655,1000.0,1000.0,0,0.8,0.8
53580,2738.586063370692,-6114.7482670493955,1000.0,1000.0,0,0.8,0.8
53640,3154.0835249493043,-5911.155311232747,1000.0,1000.0,0,0.8,0.8
53700,3554.5386125862256,-5679.371025695129,1000.0,1000.0,0,0.8,0.8
53760,3938.041486187533,-5420.50083008366,1000.0,1000.0,0,0.8,0.8
53820,4302.7631537222915,-5135.779321470262,1000.0,1000.0,0,0.8,0.8
53880,4646.964194003871,-4826.564386343323,1000.0,1000.0,0,0.8,0.8
53940,4969.0030522926845,-4494.330724610475,1000.0,1000.0,0,0.8,0.8
54000,5267.3438691571555,-4140.662816497412,1000.0,1000.0,0,0.8,0.8
54060,5540.563805254573,-3767.2473658859617,1000.0,1000.0,0,0.8,0.8
54120,5787.3598271000565,-3375.865256129182,1000.0,1000.0,0,0.8,0.8
54180,6006.554921460274,-2968.383056708335,1000.0,1000.0,0,0.8,0.8
54240,6197.103708734635,-2546.744121237779,1000.0,1000.0,0,0.8,0.8
54300,6358.097428552714,-2112.959319273121,1000.0,1000.0,0,0.8,0.8
54360,6488.768273810975,-1669.0974461234655,1000.0,1000.0,0,0.8,0.8
54420,6588.493052478476,-1217.2753564065092,1000.0,1000.0,0,0.8,0.8
54480,6656.796159708298,-759.6478683999638,1000.0,1000.0,0,0.8,0.8
54540,6693.3518460799905,-298.39748733749326,1000.0,1000.0,0,0.8,0.8
54600,6697.985771155287,164.27600333911124,1000.0,1000.0,0,0.8,0.8
54660,6670.675834938014,626.1660331300096,1000.0,1000.0,0,0.8,0.8
54720,6611.552283272858,1085.0697679970583,1000.0,1000.0,0,0.8,0.8
54780,6520.897086680219,1538.7986160629252,1000.0,1000.0,0,0.8,0.8
54840,6399.142595589681,1985.1886653871275,1000.0,1000.0,0,0.8,0.8
54900,6246.869478385394,2422.1110040393964,1000.0,1000.0,0,0.8,0.8
54960,6064.80395209754,2847.48187325114,1000.0,1000.0,0,0.8,0.8
55020,5853.8143189465845,3259.2726052246194,1000.0,1000.0,0,0.8,0.8
55080,5614.9068252587895,3655.519298202926,1000.0,1000.0,0,0.8,0.8
55140,5349.220862502104,4034.3321826597276,1000.0,1000.0,0,0.8,0.8
55200,5058.0235333297205,4393.904633939439,1000.0,1000.0,0,0.8,0.8
55260,4742.703608546689,4732.521788365053,1000.0,1000.0,0,0.8,0.8
55320,4404.764903820127,5048.568721721655,1000.0,1000.0,0,0.8,0.8
55380,4045.8191077198435,5340.53815111181,1000.0,1000.0,0,0.8,0.8
55440,3667.578095295304,5607.037623449821,1000.0,1000.0,0,0.8,0.8
55500,3271.8457638445902,5846.79615631364,1000.0,1000.0,0,0.8,0.8
55560,2860.5094298142735,6058.670299481179,1000.0,1000.0,0,0.8,0.8
55620,2435.5308278583893,6241.649588243734,1000.0,1000.0,0,0.8,0.8
55680,1998.9367549837827,6394.861362488375,1000.0,1000.0,0,0.8,0.8
55740,1552.8094044022996,6517.574928565956,1000.0,1000.0,0,0.8,0.8
55800,1099.2764351880242,6609.205044096609,1000.0,1000.0,0,0.8,0.8
55860,640.5008251012159,6669.314709092412,1000.0,1000.0,0,0.8,0.8
55920,178.67055496970357,6697.617250086673,1000.0,1000.0,0,0.8,0.8
55980,-284.0118261724414,6693.977687329555,1000.0,1000.0,0,0.8,0.8
56040,-745.3397054253576,6658.413378530067,1000.0,1000.0,0,0.8,0.8
56100,-1203.1129297448815,6591.093936074075,1000.0,1000.0,0,0.8,0.8
56160,-1655.1482988553162,6492.340418113341,1000.0,1000.0,0,0.8,0.8
56220,-2099.2899773125687,6362.6237973831785,1000.0,1000.0,0,0.8,0.8
56280,-2533.4197760584198,6202.562715051566,1000.0,1000.0,0,0.8,0.8
56340,-2955.467254434252,6012.920530311257,1000.0,1000.0,0,0.8,0.8
56400,-3363.4195944720414,5794.601679787254,1000.0,1000.0,0,0.8,0.8
56460,-3755.3312003749656,5548.647364120564,1000.0,1000.0,0,0.8,0.8
56520,-4129.332977402265,5276.230582301146,1000.0,1000.0,0,0.8,0.8
56580,-4483.6412459081375,4978.650537431109,1000.0,1000.0,0,0.8,0.8
56640,-4816.566248020361,4657.326440599028,1000.0,1000.0,0,0.8,0.8
56700,-5126.520206390521,4313.790742414546,1000.0,1000.0,0,0.8,0.8
56760,-5412.02489658046,3949.681824484728,1000.0,1000.0,0,0.8,0.8
56820,-5671.718696972275,3566.7361856866933,1000.0,1000.0,0,0.8,0.8
56880,-5904.363082579318,3166.7801605015466,1000.0,1000.0,0,0.8,0.8
56940,-6108.8485317874665,2751.721208907232,1000.0,1000.0,0,0.8,0.8
57000,-6284.199817857053,2323.538819369527,1000.0,1000.0,0,0.8,0.8
57060,-6429.580659949135,1884.2750683166705,1000.0,1000.0,0,0.8,0.8
57120,-6544.297711494635,1436.024881120741,1000.0,1000.0,0,0.8,0.8
57180,-6627.803866884814,980.9260410339076,1000.0,1000.0,0,0.8,0.8
57240,-6679.700870713357,521.1489937272811,1000.0,1000.0,0,0.8,0.8
57300,-6699.741217125766,58.8864960572376,1000.0,1000.0,0,0.8,0.8
57360,-6687.8293302178845,-403.65684157359857,1000.0,1000.0,0,0.8,0.8
57420,-6644.022019854065,-864.2750693882551,1000.0,1000.0,0,0.8,0.8
57480,-6568.528210731027,-1320.7714187937313,1000.0,1000.0,0,0.8,0.8
57540,-6461.70794597957,-1770.9687791534463,1000.0,1000.0,0,0.8,0.8
57600,-6324.070670056134,-2212.7200808072225,1000.0,1000.0,0,0.8,0.8
57660,-6156.272799113406,-2643.9185348206465,1000.0,1000.0,0,0.8,0.8
57720,-5959.114590437379,-3062.5076806284264,1000.0,1000.0,0,0.8,0.8
57780,-5733.536325880764,-3466.491193653528,1000.0,1000.0,0,0.8,0.8
57840,-5480.613827495166,-3853.9424061265554,1000.0,1000.0,0,0.8,0.8
57900,-5201.553326748158,-4223.013495700308,1000.0,1000.0,0,0.8,0.8
57960,-4897.685711795003,-4571.944298036759,1000.0,1000.0,0,0.8,0.8
58020,-4570.460180241652,-4899.070701336857,1000.0,1000.0,0,0.8,0.8
58080,-4221.437327668412,-5202.832582780225,1000.0,1000.0,0,0.8,0.8
58140,-3852.2817048776537,-5481.781249022682,1000.0,1000.0,0,0.8,0.8
58200,-3464.753879361389,-5734.586345266934,1000.0,1000.0,0,0.8,0.8
58260,-3060.7020388476913,-5960.042199956753,1000.0,1000.0,0,0.8,0.8
58320,-2642.053176971501,-6157.073574834602,1000.0,1000.0,0,0.8,0.8
58380,-2210.8039031065036,-6324.74079294012,1000.0,1000.0,0,0.8,0.8
58440,-1769.0109201863672,-6462.244220093599,1000.0,1000.0,0,0.8,0.8
58500,-1318.78121593081,-6568.928078490417,1000.0,1000.0,0,0.8,0.8
58560,-862.262014253803,-6644.283574219778,1000.0,1000.0,0,0.8,0.8
58620,-401.630534778275,-6687.951323791574,1000.0,1000.0,0,0.8,0.8
58680,60.916390703178024,-6699.723068098819,1000.0,1000.0,0,0.8,0.8
58740,523.1727953024985,-6679.542665641648,1000.0,1000.0,0,0.8,0.8
58800,982.934097676197,-6627.506360275879,1000.0,1000.0,0,0.8,0.8
58860,1438.0076160579565,-6543.862322209344,1000.0,1000.0,0,0.8,0.8
58920,1886.2230255402437,-6429.009464434903,1000.0,1000.0,0,0.8,0.8
58980,2325.442708732177,-6283.495540244785,1000.0,1000.0,0,0.8,0.8
59040,2753.571950428829,-6108.014530899818,1000.0,1000.0,0,0.8,0.8
59100,3168.5689276732737,-5903.403335911854,1000.0,1000.0,0,0.8,0.8
59160,3568.454447566294,-5670.6377817240345,1000.0,1000.0,0,0.8,0.8
59220,3951.321386381841,-5410.827967824634,1000.0,1000.0,0,0.8,0.8
59280,4315.343784972739,-5125.212972488939,1000.0,1000.0,0,0.8,0.8
59340,4658.785557087676,-4815.154943399332,1000.0,1000.0,0,0.8,0.8
59400,4980.008769069501,-4482.132601325246,1000.0,1000.0,0,0.8,0.8
59460,5277.481451445811,-4127.734187846542,1000.0,1000.0,0,0.8,0.8
59520,5549.784905158685,-3753.6498907522728,1000.0,1000.0,0,0.8,0.8
59580,5795.620467587321,-3361.6637832410725,1000.0,1000.0,0,0.8,0.8
59640,6013.815706096775,-2953.6453153646394,1000.0,1000.0,0,0.8,0.8
59700,6203.3300095732275,-2531.5403982950693,1000.0,1000.0,0,0.8,0.8
59760,6363.259551279761,-2097.362123935362,1000.0,1000.0,0,0.8,0.8
59820,6492.841599363662,-1653.181164133104,1000.0,1000.0,0,0.8,0.8
59880,6591.45815445742,-1201.1158952859341,1000.0,1000.0,0,0.8,0.8
59940,6658.638897025491,-743.3222954351036,1000.0,1000.0,0,0.8,0.8
60000,6694.063430400071,-281.98366203055843,1000.0,1000.0,0,0.8,0.8
60060,6697.562808808638,180.6998005950647,1000.0,1000.0,0,0.8,0.8
60120,6669.120343105769,642.5214743839524,1000.0,1000.0,0,0.8,0.8
60180,6608.871680366617,1101.278851299651,1000.0,1000.0,0,0.8,0.8
60240,6517.104156962344,1554.7840374714028,1000.0,1000.0,0,0.8,0.8
60300,6394.255428202915,2000.8741876413214,1000.0,1000.0,0,0.8,0.8
60360,6240.911381082626,2437.4218201503622,1000.0,1000.0,0,0.8,0.8
60420,6057.8033400830245,2862.344963268876,1000.0,1000.0,0,0.8,0.8
60480,5845.80457935888,3273.617084482926,1000.0,1000.0,0,0.8,0.8
60540,5605.926157941795,3669.276755380503,1000.0,1000.0,0,0.8,0.8
60600,5339.312097823122,4047.4370060460974,1000.0,1000.0,0,0.8,0.8
60660,5047.233927914147,4406.294324348304,1000.0,1000.0,0,0.8,0.8
60720,4731.084619902877,4744.137257203905,1000.0,1000.0,0,0.8,0.8
60780,4392.371944929574,5059.35457279556,1000.0,1000.0,0,0.8,0.8
60840,4032.7112827630212,5350.44294481752,1000.0,1000.0,0,0.8,0.8
60900,3653.817917773476,5616.014122100234,1000.0,1000.0,0,0.8,0.8
60960,3257.4988584421617,5854.80154942247,1000.0,1000.0,0,0.8,0.8
61020,2845.6442194231167,6065.66640793372,1000.0,1000.0,0,0.8,0.8
61080,2420.2182072572764,6247.603046379638,1000.0,1000.0,0,0.8,0.8
61140,1983.2497527285468,6399.743777228421,1000.0,1000.0,0,0.8,0.8
61200,1536.822834540064,6521.363014823512,1000.0,1000.0,0,0.8,0.8
61260,1083.066540456386,6611.880735828164,1000.0,1000.0,0,0.8,0.8
61320,624.1449133127379,6670.865245457861,1000.0,1000.0,0,0.8,0.8
61380,162.2466303178363,6698.035236307903,1000.0,1000.0,0,0.8,0.8
61440,-300.4254351291524,6693.261129957444,1000.0,1000.0,0,0.8,0.8
61500,-761.6647193257694,6656.565694951574,1000.0,1000.0,0,0.8,0.8
61560,-1219.2714917528463,6588.123938214166,1000.0,1000.0,0,0.8,0.8
61620,-1671.0633459728751,6488.2622704093665,1000.0,1000.0,0,0.8,0.8
61680,-2114.8856079068155,6357.456949232167,1000.0,1000.0,0,0.8,0.8
61740,-2548.6216118496995,6196.331808052599,1000.0,1000.0,0,0.8,0.8
61800,-2970.2027952184494,6005.655280745663,1000.0,1000.0,0,0.8,0.8
61860,-3377.6185638875254,5786.336736896161,1000.0,1000.0,0,0.8,0.8
61920,-3768.925881062275,5539.4221448568715,1000.0,1000.0,0,0.8,0.8
61980,-4142.258533960283,5266.08908334306,1000.0,1000.0,0,0.8,0.8
62040,-4495.83603410535,4967.641125354329,1000.0,1000.0,0,0.8,0.8
62100,-4827.97210878691,4645.501621208136,1000.0,1000.0,0,0.8,0.8
62160,-5137.082743188851,4301.20691033378,1000.0,1000.0,0,0.8,0.8
62220,-5421.693734831927,3936.3989942021844,1000.0,1000.0,0,0.8,0.8
62280,-5680.447724302556,3552.8177053344116,1000.0,1000.0,0,0.8,0.8
62340,-5912.11066873605,3152.292409737577,1000.0,1000.0,0,0.8,0.8
62400,-6115.577727182133,2736.733282339652,1000.0,1000.0,0,0.8,0.8
62460,-6289.878529784215,2308.122197031888,1000.0,1000.0,0,0.8,0.8
62520,-6434.181805642095,1868.503274767259,1000.0,1000.0,0,0.8,0.8
62580,-6547.799347287827,1419.9731347912377,1000.0,1000.0,0,0.8,0.8
62640,-6630.189292866921,964.6708954999016,1000.0,1000.0,0,0.8,0.8
62700,-6680.958710372258,504.7679726099756,1000.0,1000.0,0,0.8,0.8
62760,-6699.865471604923,42.45772330101018,1000.0,1000.0,0,0.8,0.8
62820,-6686.819406926037,-420.05501428869337,1000.0,1000.0,0,0.8,0.8
62880,-6641.882735291366,-880.5644363192599,1000.0,1000.0,0,0.8,0.8
62940,-6565.269767518339,-1336.874293111157,1000.0,1000.0,0,0.8,0.8
63000,-6457.34588420037,-1786.8083634436841,1000.0,1000.0,0,0.8,0.8
63060,-6318.625793143154,-2228.220833332684,1000.0,1000.0,0,0.8,0.8
63120,-6149.771074633415,-2659.0065297915185,1000.0,1000.0,0,0.8,0.8
63180,-5951.587026247437,-3077.110960767414,1000.0,1000.0,0,0.8,0.8
63240,-5725.018822246187,-3480.540113373017,1000.0,1000.0,0,0.8,0.8
63300,-5471.147005874971,-3867.3699636803694,1000.0,1000.0,0,0.8,0.8
63360,-5191.182336064213,-4235.755652726756,1000.0,1000.0,0,0.8,0.8
63420,-4886.4600131091665,-4583.940284968482,1000.0,1000.0,0,0.8,0.8
63480,-4558.433310867041,-4910.263307221874,1000.0,1000.0,0,0.8,0.8
63540,-4208.666645840761,-5213.16842813075,1000.0,1000.0,0,0.8,0.8
63600,-3838.8281162040225,-5491.211040391112,1000.0,1000.0,0,0.8,0.8
63660,-3450.6815463503685,-5743.06511033514,1000.0,1000.0,0,0.8,0.8
63720,-3046.0780749077494,-5967.529502016564,1000.0,1000.0,0,0.8,0.8
63780,-2626.9473263349228,-6163.533705637828,1000.0,1000.0,0,0.8,0.8
63840,-2195.288208207067,-6330.14294299732,1000.0,1000.0,0,0.8,0.8
63900,-1753.1593780768112,-6466.562625609767,1000.0,1000.0,0,0.8,0.8
63960,-1302.6694253777048,-6572.142144237134,1000.0,1000.0,0,0.8,0.8
64020,-845.9668151936809,-6646.377971757462,1000.0,1000.0,0,0.8,0.8
64080,-385.22964185522017,-6688.916064573382,1000.0,1000.0,0,0.8,0.8
64140,77.34475877310314,-6699.5535511078715,1000.0,1000.0,0,0.8,0.8
64200,539.5502887693269,-6678.239699334001,1000.0,1000.0,0,0.8,0.8
64260,999.1826094194721,-6625.076158724929,1000.0,1000.0,0,0.8,0.8
64320,1454.049654093969,-6540.316475469745,1000.0,1000.0,0,0.8,0.8
64380,1901.9820825943145,-6424.364883267602,1000.0,1000.0,0,0.8,0.8
64440,2340.843627115035,-6277.77437546673,1000.0,1000.0,0,0.8,0.8
64500,2768.5412804770795,-6101.2440677427485,1000.0,1000.0,0,0.8,0.8
64560,3183.0352780434137,-5895.61586389436,1000.0,1000.0,0,0.8,0.8
64620,3582.3488257125405,-5661.870440657197,1000.0,1000.0,0,0.8,0.8
64680,3964.5775275937112,-5401.122570685717,1000.0,1000.0,0,0.8,0.8
64740,4327.898468402819,-5114.615806008138,1000.0,1000.0,0,0.8,0.8
64800,4670.578907262991,-4803.716547310196,1000.0,1000.0,0,0.8,0.8
64860,4990.984541448141,-4469.907527331794,1000.0,1000.0,0,0.8,0.8
64920,5287.587300656623,-4114.780739457032,1000.0,1000.0,0,0.8,0.8
64980,5558.9726346458065,-3740.029845219261,1000.0,1000.0,0,0.8,0.8
65040,5803.846259467933,-3347.4420969348866,1000.0,1000.0,0,0.8,0.8
65100,6021.040330135946,-2938.8898139855764,1000.0,1000.0,0,0.8,0.8
65160,6209.519010279969,-2516.3214534004624,1000.0,1000.0,0,0.8,0.8
65220,6368.383412231266,-2081.7523173253317,1000.0,1000.0,0,0.8,0.8
65280,6496.875883974193,-1637.254941695489,1000.0,1000.0,0,0.8,0.8
65340,6594.383622520679,-1184.9492119507886,1000.0,1000.0,0,0.8,0.8
65400,6660.441596474549,-726.9922529321069,1000.0,1000.0,0,0.8,0.8
65460,6694.734763847106,-265.56814117809193,1000.0,1000.0,0,0.8,0.8
65520,6697.099574547452,197.12251131738037,1000.0,1000.0,0,0.8,0.8
65580,6667.524750381274,658.8730522072277,1000.0,1000.0,0,0.8,0.8
65640,6606.1513388385565,1117.481312699815,1000.0,1000.0,0,0.8,0.8
65700,6513.272040413495,1570.760110086696,1000.0,1000.0,0,0.8,0.8
65760,6389.32981266486,2016.5476787975495,1000.0,1000.0,0,0.8,0.8
65820,6234.915757674154,2452.7179802370847,1000.0,1000.0,0,0.8,0.8
65880,6050.766302977038,2877.1908422329802,1000.0,1000.0,0,0.8,0.8
65940,5837.759689411467,3287.9418797409253,1000.0,1000.0,0,0.8,0.8
66000,5596.911782634932,3683.0121494877017,1000.0,1000.0,0,0.8,0.8
66060,5329.371228283487,4060.5174925144597,1000.0,1000.0,0,0.8,0.8
66120,5036.413973880808,4418.657520058539,1000.0,1000.0,0,0.8,0.8
66180,4719.437183622079,4755.724199921296,1000.0,1000.0,0,0.8,0.8
66240,4379.952575054474,5070.110002371293,1000.0,1000.0,0,0.8,0.8
66300,4019.579209432758,5360.315566733704,1000.0,1000.0,0,0.8,0.8
66360,3640.0357701339444,5624.956852102701,1000.0,1000.0,0,0.8,0.8
66420,3243.132365957229,5862.771738073418,1000.0,1000.0,0,0.8,0.8
66480,2830.7618983988173,6072.626044014671,1000.0,1000.0,0,0.8,0.8
66540,2404.8910340757307,6253.518938173443,1000.0,1000.0,0,0.8,0.8
66600,1967.5508253495748,6404.587710816204,1000.0,1000.0,0,0.8,0.8
66660,1520.8270238839857,6525.111888641905,1000.0,1000.0,0,0.8,0.8
66720,1066.8501333315012,6614.5166708446895,1000.0,1000.0,0,0.8,0.8
66780,607.7852485903973,6672.375670439102,1000.0,1000.0,0,0.8,0.8
66840,145.82173008983528,6698.412947773924,1000.0,1000.0,0,0.8,0.8
66900,-316.83723765162955,6692.504326536446,1000.0,1000.0,0,0.8,0.8
66960,-777.9851533964076,6654.67798597096,1000.0,1000.0,0,0.8,0.8
67020,-1235.4227223778246,6585.114326486997,1000.0,1000.0,0,0.8,0.8
67080,-1686.9683451190328,6484.14510929838,1000.0,1000.0,0,0.8,0.8
67140,-2130.468521861612,6352.251874196153,1000.0,1000.0,0,0.8,0.8
67200,-2563.8081229810514,6190.063643001429,1000.0,1000.0,0,0.8,0.8
67260,-2984.920476408608,5998.353919650653,1000.0,1000.0,0,0.8,0.8
67320,-3391.797223950138,5778.037001220733,1000.0,1000.0,0,0.8,0.8
67380,-3782.4978994968646,5530.163617486697,1000.0,1000.0,0,0.8,0.8
67440,-4155.159183445916,5255.915919808537,1000.0,1000.0,0,0.8,0.8
67500,-4508.003789196647,4956.60184324507,1000.0,1000.0,0,0.8,0.8
67560,-4839.348939339604,4633.648868784125,1000.0,1000.0,0,0.8,0.8
67620,-5147.6143911155805,4288.597215436714,1000.0,1000.0,0,0.8,0.8
67680,-5431.329972868607,3923.0924946642344,1000.0,1000.0,0,0.8,0.8
67740,-5689.142595550829,3538.8778621705683,1000.0,1000.0,0,0.8,0.8
67800,-5919.822705839703,3137.785704489145,1000.0,1000.0,0,0.8,0.8
67860,-6122.270150092428,2721.728900011716,1000.0,1000.0,0,0.8,0.8
67920,-6295.51942117011,2292.691696138344,1000.0,1000.0,0,0.8,0.8
67980,-6438.744263109595,1852.7202460557958,1000.0,1000.0,0,0.8,0.8
68040,-6551.261611682254,1403.9128502760384,1000.0,1000.0,0,0.8,0.8
68100,-6632.534852046142,948.4099494759673,1000.0,1000.0,0,0.8,0.8
68160,-6682.176377955742,488.38391636294915,1000.0,1000.0,0,0.8,0.8
68220,-6699.94944032381,26.028695249909923,1000.0,1000.0,0,0.8,0.8
68280,-6685.769276318864,-436.450661246487,1000.0,1000.0,0,0.8,0.8
68340,-6639.703513613998,-896.8485084860736,1000.0,1000.0,0,0.8,0.8
68400,-6561.971847858688,-1352.9691289093716,1000.0,1000.0,0,0.8,0.8
68460,-6452.944994911968,-1802.637203796795,1000.0,1000.0,0,0.8,0.8
68520,-6313.142922833927,-2243.7081877427086,1000.0,1000.0,0,0.8,0.8
68580,-6143.2323720672875,-2674.07853636655,1000.0,1000.0,0,0.8,0.8
68640,-5944.023675636212,-3091.695738482028,1000.0,1000.0,0,0.8,0.8
68700,-5716.466894526956,-3494.568104880644,1000.0,1000.0,0,0.8,0.8
68760,-5461.647286681232,-3880.7742670450816,1000.0,1000.0,0,0.8,0.8
68820,-5180.7801312121655,-4248.472340490051,1000.0,1000.0,0,0.8,0.8
68880,-4875.204932526372,-4595.908709030489,1000.0,1000.0,0,0.8,0.8
68940,-4546.379031994047,-4921.426388082689,1000.0,1000.0,0,0.8,0.8
69000,-4195.87065763401,-5223.472927112545,1000.0,1000.0,0,0.8,0.8
69060,-3825.3514449611143,-5500.60781354258,1000.0,1000.0,0,0.8,0.8
69120,-3436.5884646647437,-5751.509342807763,1000.0,1000.0,0,0.8,0.8
69180,-3031.435795141634,-5974.980921794292,1000.0,1000.0,0,0.8,0.8
69240,-2611.8256800720924,-6169.956775601245,1000.0,1000.0,0,0.8,0.8
69300,-2179.7593132135557,-6335.507030406527,1000.0,1000.0,0,0.8,0.8
69360,-1737.2972943588131,-6470.842148197197,1000.0,1000.0,0,0.8,0.8
69420,-1286.5498019764996,-6575.316692213843,1000.0,1000.0,0,0.8,0.8
69480,-829.6665294022819,-6648.4324051509575,1000.0,1000.0,0,0.8,0.8
69540,-368.8264325767427,-6689.840585432845,1000.0,1000.0,0,0.8,0.8
69600,93.7726617751811,-6699.343750232209,1000.0,1000.0,0,0.8,0.8
69660,555.9245379628621,-6676.8965773001555,1000.0,1000.0,0,0.8,0.8
69720,1015.4251131569855,-6622.606121115907,1000.0,1000.0,0,0.8,0.8
69780,1470.082949044716,-6536.731302325326,1000.0,1000.0,0,0.8,0.8
69840,1917.7297031808116,-6419.681672903244,1000.0,1000.0,0,0.8,0.8
69900,2356.230470190622,-6272.015462928725,1000.0,1000.0,0,0.8,0.8
69960,2783.4939635059113,-6094.436918288507,1000.0,1000.0,0,0.8,0.8
70020,3197.482489074469,-5887.792942005849,1000.0,1000.0,0,0.8,0.8
70080,3596.2216634790275,-5653.069055212035,1000.0,1000.0,0,0.8,0.8
70140,3977.8098301149253,-5391.384697024765,1000.0,1000.0,0,0.8,0.8
70200,4340.4271285222585,-5103.987885747749,1000.0,1000.0,0,0.8,0.8
70260,4682.344173617454,-4792.249266853973,1000.0,1000.0,0,0.8,0.8
70320,5001.9303034320865,-4457.655576138599,1000.0,1000.0,0,0.8,0.8
70380,5297.661356023949,-4101.802549216896,1000.0,1000.0,0,0.8,0.8
70440,5568.126938471014,-3726.3873111829325,1000.0,1000.0,0,0.8,0.8
70500,5812.037153280788,-3333.2002827246233,1000.0,1000.0,0,0.8,0.8
70560,6028.2287501366145,-2924.116641294955,1000.0,1000.0,0,0.8,0.8
70620,6215.670673640863,-2501.087378064324,1000.0,1000.0,0,0.8,0.8
70680,6373.468980597837,-2066.1299933036457,1000.0,1000.0,0,0.8,0.8
70740,6500.871103384754,-1621.3188745736716,1000.0,1000.0,0,0.8,0.8
70800,6597.269439077719,-1168.7754036096599,1000.0,1000.0,0,0.8,0.8
70860,6662.204247215968,-710.6578390824043,1000.0,1000.0,0,0.8,0.8
70920,6695.3658423844045,-249.1510234855933,1000.0,1000.0,0,0.8,0.8
70980,6696.596071157115,213.54403675786574,1000.0,1000.0,0,0.8,0.8
71040,6665.889066358707,675.2206682790412,1000.0,1000.0,0,0.8,0.8
71100,6603.391275045884,1133.677054773381,1000.0,1000.0,0,0.8,0.8
71160,6509.400760075898,1586.726737845895,1000.0,1000.0,0,0.8,0.8
71220,6384.3657785928835,2032.2090446122495,1000.0,1000.0,0,0.8,0.8
71280,6228.882644211304,2467.999392324666,1000.0,1000.0,0,0.8,0.8
71340,6043.692883092545,2892.0194208767434,1000.0,1000.0,0,0.8,0.8
71400,5829.679697477498,3302.2469048649905,1000.0,1000.0,0,0.8,0.8
71460,5587.863753541005,3696.725397934552,1000.0,1000.0,0,0.8,0.8
71520,5319.398313656888,4073.5735634128446,1000.0,1000.0,0,0.8,0.8
71580,5025.563736289267,4430.994146731184,1000.0,1000.0,0,0.8,0.8
71640,4707.761369739367,4767.282546845895,1000.0,1000.0,0,0.8,0.8
71700,4367.506868871553,5080.834945777274,1000.0,1000.0,0,0.8,0.8
71760,4006.422966691212,5370.155957497039,1000.0,1000.0,0,0.8,0.8
71820,3626.2317352479427,5633.865759685124,1000.0,1000.0,0,0.8,0.8
71880,3228.7463727742793,5870.706674342424,1000.0,1000.0,0,0.8,0.8
71940,2815.8625562273996,6079.549165876385,1000.0,1000.0,0,0.8,0.8
72000,2389.549400474932,6259.397228053324,1000.0,1000.0,0,0.8,0.8
72060,1951.840067243373,6409.393134125502,1000.0,1000.0,0,0.8,0.8
72120,1504.822068615452,6528.821527479493,1000.0,1000.0,0,0.8,0.8
72180,1050.6273113212362,6617.112833296533,1000.0,1000.0,0,0.8,0.8
72240,591.4219293034567,6673.845974954075,1000.0,1000.0,0,0.8,0.8
72300,129.39595304737946,6698.750382213589,1000.0,1000.0,0,0.8,0.8
72360,-333.24713505674134,6691.707281617167,1000.0,1000.0,0,0.8,0.8
72420,-794.3009095040657,6652.750262938837,1000.0,1000.0,0,0.8,0.8
72480,-1251.566524503961,6582.065118989087,1000.0,1000.0,0,0.8,0.8
72540,-1702.8632006581863,6479.988959536575,1000.0,1000.0,0,0.8,0.8
72600,-2146.038625477976,6347.008603572895,1000.0,1000.0,0,0.8,0.8
72660,-2578.979218137431,6183.758257587936,1000.0,1000.0,0,0.8,0.8
72720,-2999.6202095082867,5991.0164909288305,1000.0,1000.0,0,0.8,0.8
72780,-3405.955489404674,5769.70252266665,1000.0,1000.0,0,0.8,0.8
72840,-3796.0471740711723,5520.871837680894,1000.0,1000.0,0,0.8,0.8
72900,-4168.034848288626,5245.711152867966,1000.0,1000.0,0,0.8,0.8
72960,-4520.144438018397,4945.532757481554,1000.0,1000.0,0,0.8,0.8
73020,-4850.696671270608,4621.768254596501,1000.0,1000.0,0,0.8,0.8
73080,-5158.115086844873,4275.961733544287,1000.0,1000.0,0,0.8,0.8
73140,-5440.933552748471,3909.762405881928,1000.0,1000.0,0,0.8,0.8
73200,-5697.803258435354,3524.916740014606,1000.0,1000.0,0,0.8,0.8
73260,-5927.4991475184415,3123.260131983869,1000.0,1000.0,0,0.8,0.8
73320,-6128.925760277319,2706.708152143638,1000.0,1000.0,0,0.8,0.8
73380,-6301.122458096466,2277.2474094713766,1000.0,1000.0,0,0.8,0.8
73440,-6443.268004917993,1836.926077084177,1000.0,1000.0,0,0.8,0.8
73500,-6554.684483859716,1387.8441241437845,1000.0,1000.0,0,0.8,0.8
73560,-6634.8405303187465,932.1433007383561,1000.0,1000.0,0,0.8,0.8
73620,-6683.353866142087,471.99692350202054,1000.0,1000.0,0,0.8,0.8
73680,-6699.993122777535,9.599510690116063,1000.0,1000.0,0,0.8,0.8
73740,-6684.678944710735,-452.8436838609233,1000.0,1000.0,0,0.8,0.8
73800,-6637.48436792545,-913.127187973861,1000.0,1000.0,0,0.8,0.8
73860,-6558.634471582226,-1369.055829411308,1000.0,1000.0,0,0.8,0.8
73920,-6448.505304576593,-1818.4552050351201,1000.0,1000.0,0,0.8,0.8
73980,-6307.6220920964415,-2259.182050913266,1000.0,1000.0,0,0.8,0.8
74040,-6136.6567307314945,-2689.134463919499,1000.0,1000.0,0,0.8,0.8
74100,-5936.424584081555,-3106.2619260751167,1000.0,1000.0,0,0.8,0.8
74160,-5707.880594145243,-3508.575083827037,1000.0,1000.0,0,0.8,0.8
74220,-5452.114727035072,-3894.1552356215902,1000.0,1000.0,0,0.8,0.8
74280,-5170.34677473965,-4261.163482525759,1000.0,1000.0,0,0.8,0.8
74340,-4863.920537722569,-4607.8494982575485,1000.0,1000.0,0,0.8,0.8
74400,-4534.297416104206,-4932.5598767964775,1000.0,1000.0,0,0.8,0.8
74460,-4183.049439989506,-5233.746017765405,1000.0,1000.0,0,0.8,0.8
74520,-3811.8517721829517,-5509.971511975125,1000.0,1000.0,0,0.8,0.8
74580,-3422.4747190448506,-5759.918991910445,1000.0,1000.0,0,0.8,0.8
74640,-3016.775287592255,-5982.39641448512,1000.0,1000.0,0,0.8,0.8
74700,-2596.6883291083773,-6176.342746103401,1000.0,1000.0,0,0.8,0.8
74760,-2164.217311499991,-6340.833022913906,1000.0,1000.0,0,0.8,0.8
74820,-1721.4247644098248,-6475.082762123457,1000.0,1000.0,0,0.8,0.8
74880,-1270.422442653265,-6578.451703332226,1000.0,1000.0,0,0.8,0.8
74940,-813.3612548916735,-6650.446862047151,1000.0,1000.0,0,0.8,0.8
75000,-352.4210055742544,-6690.7248808108825,1000.0,1000.0,0,0.8,0.8
75060,110.20000092956607,-6699.09366673335,1000.0,1000.0,0,0.8,0.8
75120,572.2954444262898,-6675.513307616178,1000.0,1000.0,0,0.8,0.8
75180,1031.6615112237428,-6620.096262300973,1000.0,1000.0,0,0.8,0.8
75240,1486.1074045031612,-6533.106824333476,1000.0,1000.0,0,0.8,0.8
75300,1933.4657926105415,-6414.959861501602,1000.0,1000.0,0,0.8,0.8
75360,2371.60314543907,-6266.218837258661,1000.0,1000.0,0,0.8,0.8
75420,2798.4299096059726,-6087.593123467966,1000.0,1000.0,0,0.8,0.8
75480,3211.9104738967408,-5879.934617284803,1000.0,1000.0,0,0.8,0.8
75540,3610.072877449661,-5644.233678310464,1000.0,1000.0,0,0.8,0.8
75600,3991.0182143808697,-5381.614405394712,1000.0,1000.0,0,0.8,0.8
75660,4352.929689997335,-5093.329275612509,1000.0,1000.0,0,0.8,0.8
75720,4694.081285407369,-4780.753170982585,1000.0,1000.0,0,0.8,0.8
75780,5012.845989205478,-4445.376821415513,1000.0,1000.0,0,0.8,0.8
75840,5307.703556973263,-4088.7996951630084,1000.0,1000.0,0,0.8,0.8
75900,5577.247761590026,-3712.7223706750256,1000.0,1000.0,0,0.8,0.8
75960,5820.193099774662,-3318.938426245229,1000.0,1000.0,0,0.8,0.8
76020,6035.380922875367,-2909.325886122733,1000.0,1000.0,0,0.8,0.8
76080,6221.784962666416,-2485.838263888025,1000.0,1000.0,0,0.8,0.8
76140,6378.516225800414,-2050.495245805897,1000.0,1000.0,0,0.8,0.8
76200,6504.827233572446,-1605.373058589805,1000.0,1000.0,0,0.8,0.8
76260,6600.115586776268,-1152.5945675148278,1000.0,1000.0,0,0.8,0.8
76320,6663.926838651088,-694.3191521033177,1000.0,1000.0,0,0.8,0.8
76380,6695.956662217354,-232.7324076676171,1000.0,1000.0,0,0.8,0.8
76440,6696.052301665158,229.96427817487015,1000.0,1000.0,0,0.8,0.8
76500,6664.213300873304,691.564224302472,1000.0,1000.0,0,0.8,0.8
76560,6600.591505584663,1149.8659801365297,1000.0,1000.0,0,0.8,0.8
76620,6505.490339227278,1602.6838247428282,1000.0,1000.0,0,0.8,0.8
76680,6379.363355835266,2047.8581909150728,1000.0,1000.0,0,0.8,0.8
76740,6222.812076970499,2483.2659645277326,1000.0,1000.0,0,0.8,0.8
76800,6036.583122961621,2906.83061003676,1000.0,1000.0,0,0.8,0.8
76860,5821.564652141434,3316.532073839952,1000.0,1000.0,0,0.8,0.8
76920,5578.782125064924,3710.416418264646,1000.0,1000.0,0,0.8,0.8
76980,5309.393413909668,4086.605140236132,1000.0,1000.0,0,0.8,0.8
77040,5014.683280381213,4443.304130187001,1000.0,1000.0,0,0.8,0.8
77100,4696.057248460598,4778.812228478163,1000.0,1000.0,0,0.8,0.8
77160,4355.034901215938,5091.529338525197,1000.0,1000.0,0,0.8,0.8
77220,3993.2426336457015,5379.964057938128,1000.0,1000.0,0,0.8,0.8
77280,3612.4058961175456,5642.740791279265,1000.0,1000.0,0,0.8,0.8
77340,3214.3409653951935,5878.606310517318,1000.0,1000.0,0,0.8,0.8
77400,2800.9462824975258,6086.43573189063,1000.0,1000.0,0,0.8,0.8
77460,2374.193398702905,6265.237880673591,1000.0,1000.0,0,0.8,0.8
77520,1936.1175728774886,6414.160018261684,1000.0,1000.0,0,0.8,0.8
77580,1488.8080649711471,6532.491909030475,1000.0,1000.0,0,0.8,0.8
77640,1034.398171972292,6619.669207573149,1000.0,1000.0,0,0.8,0.8
77700,575.0550538434206,6675.276150161945,1000.0,1000.0,0,0.8,0.8
77760,112.9693979572026,6699.047537597934,1000.0,1000.0,0,0.8,0.8
77820,-349.6550286733363,6690.869999992168,1000.0,1000.0,0,0.8,0.8
77880,-810.6118895432841,6650.782537446465,1000.0,1000.0,0,0.8,0.8
77940,-1267.702801059741,6578.976334055097,1000.0,1000.0,0,0.8,0.8
78000,-1718.74781701583,6475.7938461145495,1000.0,1000.0,0,0.8,0.8
78060,-2161.595825134114,6341.727168889759,1000.0,1000.0,0,0.8,0.8
78120,-2594.134806095802,6177.415689726089,1000.0,1000.0,0,0.8,0.8
78180,-3014.3019061293935,5983.643038699455,1000.0,1000.0,0,0.8,0.8
78240,-3420.0932751187916,5761.333351348364,1000.0,1000.0,0,0.8,0.8
78300,-3809.5736233145776,5511.546861310134,1000.0,1000.0,0,0.8,0.8
78360,-4180.885451068013,5235.474843881838,1000.0,1000.0,0,0.8,0.8
78420,-4532.25790756976,4934.433934621389,1000.0,1000.0,0,0.8,0.8
78480,-4862.015236346834,4609.8598500825365,1000.0,1000.0,0,0.8,0.8
78540,-5168.5847672368145,4263.300540632729,1000.0,1000.0,0,0.8,0.8
78600,-5450.5044167260185,3896.4088080079487,1000.0,1000.0,0,0.8,0.8
78660,-5706.429660880256,3510.934422813648,1000.0,1000.0,0,0.8,0.8
78720,-5935.139947614376,3108.715779562962,1000.0,1000.0,0,0.8,0.8
78780,-6135.544517717237,2691.6711290537896,1000.0,1000.0,0,0.8,0.8
78840,-6306.687606872741,2261.7894298960555,1000.0,1000.0,0,0.8,0.8
78900,-6447.753003866361,1821.1208628215916,1000.0,1000.0,0,0.8,0.8
78960,-6558.067943238645,1371.7670530149774,1000.0,1000.0,0,0.8,0.8
79020,-6637.10631382092,915.8710470968227,1000.0,1000.0,0,0.8,0.8
79080,-6684.491167851137,455.60709256098875,1000.0,1000.0,0,0.8,0.8
79140,-6699.996518703436,-6.829731590566754,1000.0,1000.0,0,0.8,0.8
79200,-6683.5484186577305,-469.2339835620596,1000.0,1000.0,0,0.8,0.8
79260,-6635.225311569285,-929.4003769001057,1000.0,1000.0,0,0.8,0.8
79320,-6555.257658756292,-1385.1342978891082,1000.0,1000.0,0,0.8,0.8
79380,-6444.026839889689,-1834.2622720464656,1000.0,1000.0,0,0.8,0.8
79440,-6302.063334127052,-2274.642329801144,1000.0,1000.0,0,0.8,0.8
79500,-6130.044190165056,-2704.174221919772,1000.0,1000.0,0,0.8,0.8
79560,-5928.789797276202,-3120.8094359613456,1000.0,1000.0,0,0.8,0.8
79620,-5699.2599727296865,-3522.5609659895126,1000.0,1000.0,0,0.8,0.8
79680,-5442.54938425508,-3907.5127889511,1000.0,1000.0,0,0.8,0.8
79740,-5159.88232938168,-4273.829002522966,1000.0,1000.0,0,0.8,0.8
79800,-4852.6068965499335,-4619.762580850644,1000.0,1000.0,0,0.8,0.8
79860,-4522.188535843168,-4943.663706418589,1000.0,1000.0,0,0.8,0.8
79920,-4170.20307000005,-5243.987638318184,1000.0,1000.0,0,0.8,0.8
79980,-3798.329179041999,-5519.302079385571,1000.0,1000.0,0,0.8,0.8
80040,-3408.340394355728,-5768.294007076512,1000.0,1000.0,0,0.8,0.8
80100,-3002.09664041209,-5989.775935500276,1000.0,1000.0,0,0.8,0.8
80160,-2581.5353644634624,-6182.691578745964,1000.0,1000.0,0,0.8,0.8
80220,-2148.6622965191978,-6346.120888494688,1000.0,1000.0,0,0.8,0.8
80280,-1705.5418836702163,-6479.284441890047,1000.0,1000.0,0,0.8,0.8
80340,-1254.2874443805354,-6581.547158741713,1000.0,1000.0,0,0.8,0.8
80400,-797.0510897043748,-6652.421330333251,1000.0,1000.0,0,0.8,0.8
80460,-336.01345949196707,-6691.5689453903115,1000.0,1000.0,0,0.8,0.8
80520,126.6266774602905,-6698.803302115022,1000.0,1000.0,0,0.8,0.8
80580,588.6629097224569,-6674.089898599573,1000.0,1000.0,0,0.8,0.8
80640,1047.891705991569,-6617.5465973717055,1000.0,1000.0,0,0.8,0.8
80700,1502.122924115524,-6529.443063287893,1000.0,1000.0,0,0.8,0.8
80760,1949.190256263643,-6410.199477454555,1000.0,1000.0,0,0.8,0.8
80820,2386.9615604256,-6260.3845333112195,1000.0,1000.0,0,0.8,0.8
80880,2813.3490289687975,-6080.712724432235,1000.0,1000.0,0,0.8,0.8
80940,3226.31914575571,-5872.040936982805,1000.0,1000.0,0,0.8,0.8
81000,3623.902384338101,-5635.364363078964,1000.0,1000.0,0,0.8,0.8
81060,4004.2026009704887,-5371.811754543612,1000.0,1000.0,0,0.8,0.8
81120,4365.40607765114,-5082.640039691798,1000.0,1000.0,0,0.8,0.8
81180,4705.790172058419,-4769.228328821149,1000.0,1000.0,0,0.8,0.8
81240,5023.731533133093,-4433.0713369937985,1000.0,1000.0,0,0.8,0.8
81300,5317.71384312154,-4075.772255480584,1000.0,1000.0,0,0.8,0.8
81360,5586.335049160009,-3699.0351058618235,1000.0,1000.0,0,0.8,0.8
81420,5828.314049908594,-3304.6566132519465,1000.0,1000.0,0,0.8,0.8
81480,6042.496805346799,-2894.5176374044563,1000.0,1000.0,0,0.8,0.8
81540,6227.861840591959,-2470.574202563098,1000.0,1000.0,0,0.8,0.8
81600,6383.525117490276,-2034.8481688427014,1000.0,1000.0,0,0.8,0.8
81660,6508.744250749367,-1589.4175896248282,1000.0,1000.0,0,0.8,0.8
81720,6602.922048502725,-1136.4068009600792,1000.0,1000.0,0,0.8,0.8
81780,6665.609360422094,-677.976290238167,1000.0,1000.0,0,0.8,0.8
81840,6696.507219793396,-216.31239244822544,1000.0,1000.0,0,0.8,0.8
81900,6695.468269341227,246.38313683478327,1000.0,1000.0,0,0.8,0.8
81960,6662.497464001325,707.9036220049078,1000.0,1000.0,0,0.8,0.8
82020,6597.752047289669,1166.0479914466416,1000.0,1000.0,0,0.8,0.8
82080,6501.540801380637,1618.6312748290038,1000.0,1000.0,0,0.8,0.8
82140,6374.322574471212,2063.495023608841,1000.0,1000.0,0,0.8,0.8
82200,6216.7040924537305,2498.5176050491978,1000.0,1000.0,0,0.8,0.8
82260,6029.437065334686,2921.624320654523,1000.0,1000.0,0,0.8,0.8
82320,5813.414602198238,3330.7973007705004,1000.0,1000.0,0,0.8,0.8
82380,5569.666951814093,3724.085128154518,1000.0,1000.0,0,0.8,0.8
82440,5299.356589200571,4099.612144626397,1000.0,1000.0,0,0.8,0.8
82500,5003.772671579826,4455.587396407195,1000.0,1000.0,0,0.8,0.8
82560,4684.3248901615,4790.313175491265,1000.0,1000.0,0,0.8,0.8
82620,4342.536747080418,5102.193116310668,1000.0,1000.0,0,0.8,0.8
82680,3980.038289548609,5389.739809081578,1000.0,1000.0,0,0.8,0.8
82740,3598.5583358767867,5651.581893520029,1000.0,1000.0,0,0.8,0.8
82800,3199.9162304386423,5886.470599098164,1000.0,1000.0,0,0.8,0.8
82860,2786.0131668995673,6093.285700649034,1000.0,1000.0,0,0.8,0.8
82920,2358.823121094273,6271.0408609147835,1000.0,1000.0,0,0.8,0.8
82980,1920.383436790131,6418.888334561823,1000.0,1000.0,0,0.8,0.8
83040,1472.785109241798,6536.123011225185,1000.0,1000.0,0,0.8,0.8
83100,1018.1628128688827,6622.185778303314,1000.0,1000.0,0,0.8,0.8
83160,558.684720622799,6676.666187463199,1000.0,1000.0,0,0.8,0.8
83220,96.54216359098453,6699.304412140184,1000.0,1000.0,0,0.8,0.8
83280,-366.0608198419477,6689.992486695959,1000.0,1000.0,0,0.8,0.8
83340,-826.9179954373251,6648.77482132563,1000.0,1000.0,0,0.8,0.8
83400,-1283.8314550190166,6575.847990257645,1000.0,1000.0,0,0.8,0.8
83460,-1734.6220986789149,6471.559794257216,1000.0,1000.0,0,0.8,0.8
83520,-2177.1400272857086,6336.407601903631,1000.0,1000.0,0,0.8,0.8
83580,-2609.2747957273095,6171.035977553037,1000.0,1000.0,0,0.8,0.8
83640,-3028.9654779919547,5976.233607298555,1000.0,1000.0,0,0.8,0.8
83700,-3434.210496082918,5752.929537589146,1000.0,1000.0,0,0.8,0.8
83760,-3823.0771658937833,5502.188744444641,1000.0,1000.0,0,0.8,0.8
83820,-4193.710914514426,5225.207054400267,1000.0,1000.0,0,0.8,0.8
83880,-4544.344125013325,4923.305441400993,1000.0,1000.0,0,0.8,0.8
83940,-4873.304566510653,4597.923726846516,1000.0,1000.0,0,0.8,0.8
84000,-5179.023369338045,4250.61371283279,1000.0,1000.0,0,0.8,0.8
84060,-5460.042507252148,3883.031781336771,1000.0,1000.0,0,0.8,0.8
84120,-5715.021751015711,3496.930994642168,1000.0,1000.0,0,0.8,0.8
84180,-5942.745060184084,3094.152734680274,1000.0,1000.0,0,0.8,0.8
84240,-6142.126382614032,2676.6179211587946,1000.0,1000.0,0,0.8,0.8
84300,-6312.214834036099,2246.317850360089,1000.0,1000.0,0,0.8,0.8
84360,-6452.199232986756,1805.304698303543,1000.0,1000.0,0,0.8,0.8
84420,-6561.4119694746105,1355.6817335595615,1000.0,1000.0,0,0.8,0.8
84480,-6639.332188928669,899.5932863952455,1000.0,1000.0,0,0.8,0.8
84540,-6685.588276244393,439.21452209060317,1000.0,1000.0,0,0.8,0.8
84600,-6699.959628081094,-23.258932804715784,1000.0,1000.0,0,0.8,0.8
84660,-6682.377704957605,-485.6214617964261,1000.0,1000.0,0,0.8,0.8
84720,-6632.926358128997,-945.6679774156245,1000.0,1000.0,0,0.8,0.8
84780,-6551.841429685407,-1401.2044376641181,1000.0,1000.0,0,0.8,0.8
84840,-6439.509627779943,-1850.058309784097,1000.0,1000.0,0,0.8,0.8
84900,-6296.466682350134,-2290.0889314449046,1000.0,1000.0,0,0.8,0.8
84960,-6123.394790128485,-2719.1977199348876,1000.0,1000.0,0,0.8,0.8
85020,-5921.119361127571,-3135.3381806675943,1000.0,1000.0,0,0.8,0.8
85080,-5690.605082115451,-3536.5256672719865,1000.0,1000.0,0,0.8,0.8
85140,-5432.951315856774,-3920.8468467158873,1000.0,1000.0,0,0.8,0.8
85200,-5149.386858059998,-4286.4688243250675,1000.0,1000.0,0,0.8,0.8
85260,-4841.264077036561,-4631.647885177272,1000.0,1000.0,0,0.8,0.8
85320,-4510.052464020744,-4954.737810182509,1000.0,1000.0,0,0.8,0.8
85380,-4157.331624909929,-5254.197727188761,1000.0,1000.0,0,0.8,0.8
85440,-3784.783746848801,-5528.599459669774,1000.0,1000.0,0,0.8,0.8
85500,-3394.185575585653,-5776.634337947837,1000.0,1000.0,0,0.8,0.8
85560,-2987.3999418627586,-5997.119440467244,1000.0,1000.0,0,0.8,0.8
85620,-2566.3668772510396,-6189.003235353856,1000.0,1000.0,0,0.8,0.8
85680,-2133.0943618023507,-6351.370595353319,1000.0,1000.0,0,0.8,0.8
85740,-1689.6487476422835,-6483.447162232651,1000.0,1000.0,0,0.8,0.8
85800,-1238.1449041768815,-6584.6030398295525,1000.0,1000.0,0,0.8,0.8
85860,-780.7361319118153,-6654.355798136972,1000.0,1000.0,0,0.8,0.8
85920,-319.60389298748214,-6692.372774095822,1000.0,1000.0,0,0.8,0.8
85980,143.05259259462153,-6698.472658123172,1000.0,1000.0,0,0.8,0.8
86040,605.0268354353876,-6672.626358809161,1000.0,1000.0,0,0.8,0.8
86100,1064.1155998693775,-6614.957141659074,1000.0,1000.0,0,0.8,0.8
86160,1518.1294115816493,-6525.740041218506,1000.0,1000.0,0,0.8,0.8
86220,1964.9029995900607,-6405.400549385942,1000.0,1000.0,0,0.8,0.8
86280,2402.3056228015803,-6254.5125861675,1000.0,1000.0,0,0.8,0.8
86340,2828.2512318867084,-6073.795762552695,1000.0,1000.0,0,0.8,0.8
